[20Sep2025 23:51:19.068] [main/INFO] [cpw.mods.modlauncher.Launcher/MODLAUNCHER]: ModLauncher running: args [--launchTarget, forgeclientuserdev, --version, MOD_DEV, --assetIndex, 5, --assetsDir, /home/yarkin/.gradle/caches/neoformruntime/assets, --gameDir, ., --fml.forgeVersion, 47.1.47, --fml.mcVersion, 1.20.1, --fml.forgeGroup, net.minecraftforge, --fml.mcpVersion, 20230612.114412, --mixin.config, beastarium.mixins.json, --mixin.config, beastarium.forge.mixins.json]
[20Sep2025 23:51:19.072] [main/INFO] [cpw.mods.modlauncher.Launcher/MODLAUNCHER]: ModLauncher 10.0.10+10.0.10+main.22f00f84 starting: java version 17.0.16 by Microsoft; OS Linux arch amd64 version 6.16.7-arch1-1
[20Sep2025 23:51:19.231] [main/INFO] [net.minecraftforge.fml.loading.ImmediateWindowHandler/]: Loading ImmediateWindowProvider fmlearlywindow
[20Sep2025 23:51:19.415] [main/INFO] [EARLYDISPLAY/]: Trying GL version 4.6
[20Sep2025 23:51:19.638] [main/INFO] [EARLYDISPLAY/]: Requested GL version 4.6 got version 4.6
[20Sep2025 23:51:19.743] [main/INFO] [mixin/]: SpongePowered MIXIN Subsystem Version=0.8.5 Source=union:/home/yarkin/.gradle/caches/modules-2/files-2.1/org.spongepowered/mixin/0.8.5/9d1c0c3a304ae6697ecd477218fa61b850bf57fc/mixin-0.8.5.jar%23176!/ Service=ModLauncher Env=CLIENT
[20Sep2025 23:51:19.801] [pool-2-thread-1/INFO] [EARLYDISPLAY/]: GL info: NVIDIA GeForce RTX 5060 Laptop GPU/PCIe/SSE2 GL version 4.6.0 NVIDIA 580.82.09, NVIDIA Corporation
[20Sep2025 23:51:20.038] [main/WARN] [net.minecraftforge.fml.loading.moddiscovery.ModFileParser/LOADING]: Mod file /home/yarkin/.gradle/caches/modules-2/files-2.1/net.minecraftforge/fmlcore/1.20.1-47.1.47/62b2f9c443dd74c21edf523fd3abfbac16bddacb/fmlcore-1.20.1-47.1.47.jar is missing mods.toml file
[20Sep2025 23:51:20.040] [main/WARN] [net.minecraftforge.fml.loading.moddiscovery.ModFileParser/LOADING]: Mod file /home/yarkin/.gradle/caches/modules-2/files-2.1/net.minecraftforge/javafmllanguage/1.20.1-47.1.47/57b4103e32ac0f74b33e704bfe2b9df1c6200edf/javafmllanguage-1.20.1-47.1.47.jar is missing mods.toml file
[20Sep2025 23:51:20.043] [main/WARN] [net.minecraftforge.fml.loading.moddiscovery.ModFileParser/LOADING]: Mod file /home/yarkin/.gradle/caches/modules-2/files-2.1/net.minecraftforge/lowcodelanguage/1.20.1-47.1.47/5f3513af8ed4fcab2417c15251cf201d688533a6/lowcodelanguage-1.20.1-47.1.47.jar is missing mods.toml file
[20Sep2025 23:51:20.045] [main/WARN] [net.minecraftforge.fml.loading.moddiscovery.ModFileParser/LOADING]: Mod file /home/yarkin/.gradle/caches/modules-2/files-2.1/net.minecraftforge/mclanguage/1.20.1-47.1.47/ebc707d73d74451493fb5b5252dc6cf6b1bf1795/mclanguage-1.20.1-47.1.47.jar is missing mods.toml file
[20Sep2025 23:51:20.168] [main/INFO] [net.minecraftforge.fml.loading.moddiscovery.JarInJarDependencyLocator/]: No dependencies to load found. Skipping!
[20Sep2025 23:51:21.993] [main/INFO] [mixin/]: Compatibility level set to JAVA_17
[20Sep2025 23:51:21.997] [main/INFO] [cpw.mods.modlauncher.LaunchServiceHandler/MODLAUNCHER]: Launching target 'forgeclientuserdev' with arguments [--version, MOD_DEV, --gameDir, ., --assetsDir, /home/yarkin/.gradle/caches/neoformruntime/assets, --assetIndex, 5]
[20Sep2025 23:51:22.049] [main/WARN] [mixin/]: Reference map 'beastarium.refmap.json' for beastarium.mixins.json could not be read. If this is a development environment you can ignore this message
[20Sep2025 23:51:22.053] [main/WARN] [mixin/]: Reference map 'beastarium.refmap.json' for beastarium.forge.mixins.json could not be read. If this is a development environment you can ignore this message
[20Sep2025 23:51:22.701] [main/DEBUG] [io.netty.util.internal.logging.InternalLoggerFactory/]: Using SLF4J as the default logging framework
[20Sep2025 23:51:22.705] [main/DEBUG] [io.netty.util.ResourceLeakDetector/]: -Dio.netty.leakDetection.level: simple
[20Sep2025 23:51:22.705] [main/DEBUG] [io.netty.util.ResourceLeakDetector/]: -Dio.netty.leakDetection.targetRecords: 4
[20Sep2025 23:51:22.835] [main/DEBUG] [oshi.util.FileUtil/]: No oshi.properties file found from ClassLoader cpw.mods.modlauncher.TransformingClassLoader@f9f3928
[20Sep2025 23:51:22.874] [main/DEBUG] [oshi.util.FileUtil/]: Reading file /proc/self/auxv
[20Sep2025 23:51:22.875] [main/DEBUG] [oshi.util.FileUtil/]: Reading file /proc/self/auxv
[20Sep2025 23:51:22.879] [main/DEBUG] [oshi.util.FileUtil/]: Reading file /proc/stat
[20Sep2025 23:51:22.893] [main/DEBUG] [oshi.util.FileUtil/]: Reading file /sys/devices/system/cpu/cpu0/topology/core_id
[20Sep2025 23:51:22.893] [main/DEBUG] [oshi.util.FileUtil/]: Reading file /sys/devices/system/cpu/cpu0/topology/core_id
[20Sep2025 23:51:22.894] [main/DEBUG] [oshi.util.FileUtil/]: Reading file /sys/devices/system/cpu/cpu0/topology/physical_package_id
[20Sep2025 23:51:22.894] [main/DEBUG] [oshi.util.FileUtil/]: Reading file /sys/devices/system/cpu/cpu0/topology/physical_package_id
[20Sep2025 23:51:22.894] [main/DEBUG] [oshi.util.FileUtil/]: Reading file /sys/devices/system/cpu/cpu0/cpu_capacity
[20Sep2025 23:51:22.894] [main/DEBUG] [oshi.util.FileUtil/]: Reading file /sys/devices/system/cpu/cpu0/cpu_capacity
[20Sep2025 23:51:22.896] [main/DEBUG] [oshi.util.FileUtil/]: Reading file /sys/devices/system/cpu/cpu1/topology/core_id
[20Sep2025 23:51:22.897] [main/DEBUG] [oshi.util.FileUtil/]: Reading file /sys/devices/system/cpu/cpu1/topology/core_id
[20Sep2025 23:51:22.897] [main/DEBUG] [oshi.util.FileUtil/]: Reading file /sys/devices/system/cpu/cpu1/topology/physical_package_id
[20Sep2025 23:51:22.897] [main/DEBUG] [oshi.util.FileUtil/]: Reading file /sys/devices/system/cpu/cpu1/topology/physical_package_id
[20Sep2025 23:51:22.897] [main/DEBUG] [oshi.util.FileUtil/]: Reading file /sys/devices/system/cpu/cpu1/cpu_capacity
[20Sep2025 23:51:22.898] [main/DEBUG] [oshi.util.FileUtil/]: Reading file /sys/devices/system/cpu/cpu1/cpu_capacity
[20Sep2025 23:51:22.898] [main/DEBUG] [oshi.util.FileUtil/]: Reading file /sys/devices/system/cpu/cpu10/topology/core_id
[20Sep2025 23:51:22.899] [main/DEBUG] [oshi.util.FileUtil/]: Reading file /sys/devices/system/cpu/cpu10/topology/core_id
[20Sep2025 23:51:22.899] [main/DEBUG] [oshi.util.FileUtil/]: Reading file /sys/devices/system/cpu/cpu10/topology/physical_package_id
[20Sep2025 23:51:22.899] [main/DEBUG] [oshi.util.FileUtil/]: Reading file /sys/devices/system/cpu/cpu10/topology/physical_package_id
[20Sep2025 23:51:22.899] [main/DEBUG] [oshi.util.FileUtil/]: Reading file /sys/devices/system/cpu/cpu10/cpu_capacity
[20Sep2025 23:51:22.899] [main/DEBUG] [oshi.util.FileUtil/]: Reading file /sys/devices/system/cpu/cpu10/cpu_capacity
[20Sep2025 23:51:22.900] [main/DEBUG] [oshi.util.FileUtil/]: Reading file /sys/devices/system/cpu/cpu11/topology/core_id
[20Sep2025 23:51:22.900] [main/DEBUG] [oshi.util.FileUtil/]: Reading file /sys/devices/system/cpu/cpu11/topology/core_id
[20Sep2025 23:51:22.900] [main/DEBUG] [oshi.util.FileUtil/]: Reading file /sys/devices/system/cpu/cpu11/topology/physical_package_id
[20Sep2025 23:51:22.900] [main/DEBUG] [oshi.util.FileUtil/]: Reading file /sys/devices/system/cpu/cpu11/topology/physical_package_id
[20Sep2025 23:51:22.901] [main/DEBUG] [oshi.util.FileUtil/]: Reading file /sys/devices/system/cpu/cpu11/cpu_capacity
[20Sep2025 23:51:22.901] [main/DEBUG] [oshi.util.FileUtil/]: Reading file /sys/devices/system/cpu/cpu11/cpu_capacity
[20Sep2025 23:51:22.901] [main/DEBUG] [oshi.util.FileUtil/]: Reading file /sys/devices/system/cpu/cpu12/topology/core_id
[20Sep2025 23:51:22.902] [main/DEBUG] [oshi.util.FileUtil/]: Reading file /sys/devices/system/cpu/cpu12/topology/core_id
[20Sep2025 23:51:22.902] [main/DEBUG] [oshi.util.FileUtil/]: Reading file /sys/devices/system/cpu/cpu12/topology/physical_package_id
[20Sep2025 23:51:22.902] [main/DEBUG] [oshi.util.FileUtil/]: Reading file /sys/devices/system/cpu/cpu12/topology/physical_package_id
[20Sep2025 23:51:22.902] [main/DEBUG] [oshi.util.FileUtil/]: Reading file /sys/devices/system/cpu/cpu12/cpu_capacity
[20Sep2025 23:51:22.902] [main/DEBUG] [oshi.util.FileUtil/]: Reading file /sys/devices/system/cpu/cpu12/cpu_capacity
[20Sep2025 23:51:22.903] [main/DEBUG] [oshi.util.FileUtil/]: Reading file /sys/devices/system/cpu/cpu13/topology/core_id
[20Sep2025 23:51:22.903] [main/DEBUG] [oshi.util.FileUtil/]: Reading file /sys/devices/system/cpu/cpu13/topology/core_id
[20Sep2025 23:51:22.903] [main/DEBUG] [oshi.util.FileUtil/]: Reading file /sys/devices/system/cpu/cpu13/topology/physical_package_id
[20Sep2025 23:51:22.903] [main/DEBUG] [oshi.util.FileUtil/]: Reading file /sys/devices/system/cpu/cpu13/topology/physical_package_id
[20Sep2025 23:51:22.904] [main/DEBUG] [oshi.util.FileUtil/]: Reading file /sys/devices/system/cpu/cpu13/cpu_capacity
[20Sep2025 23:51:22.904] [main/DEBUG] [oshi.util.FileUtil/]: Reading file /sys/devices/system/cpu/cpu13/cpu_capacity
[20Sep2025 23:51:22.904] [main/DEBUG] [oshi.util.FileUtil/]: Reading file /sys/devices/system/cpu/cpu14/topology/core_id
[20Sep2025 23:51:22.904] [main/DEBUG] [oshi.util.FileUtil/]: Reading file /sys/devices/system/cpu/cpu14/topology/core_id
[20Sep2025 23:51:22.905] [main/DEBUG] [oshi.util.FileUtil/]: Reading file /sys/devices/system/cpu/cpu14/topology/physical_package_id
[20Sep2025 23:51:22.905] [main/DEBUG] [oshi.util.FileUtil/]: Reading file /sys/devices/system/cpu/cpu14/topology/physical_package_id
[20Sep2025 23:51:22.905] [main/DEBUG] [oshi.util.FileUtil/]: Reading file /sys/devices/system/cpu/cpu14/cpu_capacity
[20Sep2025 23:51:22.905] [main/DEBUG] [oshi.util.FileUtil/]: Reading file /sys/devices/system/cpu/cpu14/cpu_capacity
[20Sep2025 23:51:22.905] [main/DEBUG] [oshi.util.FileUtil/]: Reading file /sys/devices/system/cpu/cpu15/topology/core_id
[20Sep2025 23:51:22.906] [main/DEBUG] [oshi.util.FileUtil/]: Reading file /sys/devices/system/cpu/cpu15/topology/core_id
[20Sep2025 23:51:22.906] [main/DEBUG] [oshi.util.FileUtil/]: Reading file /sys/devices/system/cpu/cpu15/topology/physical_package_id
[20Sep2025 23:51:22.906] [main/DEBUG] [oshi.util.FileUtil/]: Reading file /sys/devices/system/cpu/cpu15/topology/physical_package_id
[20Sep2025 23:51:22.906] [main/DEBUG] [oshi.util.FileUtil/]: Reading file /sys/devices/system/cpu/cpu15/cpu_capacity
[20Sep2025 23:51:22.906] [main/DEBUG] [oshi.util.FileUtil/]: Reading file /sys/devices/system/cpu/cpu15/cpu_capacity
[20Sep2025 23:51:22.907] [main/DEBUG] [oshi.util.FileUtil/]: Reading file /sys/devices/system/cpu/cpu2/topology/core_id
[20Sep2025 23:51:22.907] [main/DEBUG] [oshi.util.FileUtil/]: Reading file /sys/devices/system/cpu/cpu2/topology/core_id
[20Sep2025 23:51:22.907] [main/DEBUG] [oshi.util.FileUtil/]: Reading file /sys/devices/system/cpu/cpu2/topology/physical_package_id
[20Sep2025 23:51:22.907] [main/DEBUG] [oshi.util.FileUtil/]: Reading file /sys/devices/system/cpu/cpu2/topology/physical_package_id
[20Sep2025 23:51:22.907] [main/DEBUG] [oshi.util.FileUtil/]: Reading file /sys/devices/system/cpu/cpu2/cpu_capacity
[20Sep2025 23:51:22.907] [main/DEBUG] [oshi.util.FileUtil/]: Reading file /sys/devices/system/cpu/cpu2/cpu_capacity
[20Sep2025 23:51:22.908] [main/DEBUG] [oshi.util.FileUtil/]: Reading file /sys/devices/system/cpu/cpu3/topology/core_id
[20Sep2025 23:51:22.908] [main/DEBUG] [oshi.util.FileUtil/]: Reading file /sys/devices/system/cpu/cpu3/topology/core_id
[20Sep2025 23:51:22.908] [main/DEBUG] [oshi.util.FileUtil/]: Reading file /sys/devices/system/cpu/cpu3/topology/physical_package_id
[20Sep2025 23:51:22.908] [main/DEBUG] [oshi.util.FileUtil/]: Reading file /sys/devices/system/cpu/cpu3/topology/physical_package_id
[20Sep2025 23:51:22.908] [main/DEBUG] [oshi.util.FileUtil/]: Reading file /sys/devices/system/cpu/cpu3/cpu_capacity
[20Sep2025 23:51:22.909] [main/DEBUG] [oshi.util.FileUtil/]: Reading file /sys/devices/system/cpu/cpu3/cpu_capacity
[20Sep2025 23:51:22.909] [main/DEBUG] [oshi.util.FileUtil/]: Reading file /sys/devices/system/cpu/cpu4/topology/core_id
[20Sep2025 23:51:22.909] [main/DEBUG] [oshi.util.FileUtil/]: Reading file /sys/devices/system/cpu/cpu4/topology/core_id
[20Sep2025 23:51:22.909] [main/DEBUG] [oshi.util.FileUtil/]: Reading file /sys/devices/system/cpu/cpu4/topology/physical_package_id
[20Sep2025 23:51:22.909] [main/DEBUG] [oshi.util.FileUtil/]: Reading file /sys/devices/system/cpu/cpu4/topology/physical_package_id
[20Sep2025 23:51:22.910] [main/DEBUG] [oshi.util.FileUtil/]: Reading file /sys/devices/system/cpu/cpu4/cpu_capacity
[20Sep2025 23:51:22.910] [main/DEBUG] [oshi.util.FileUtil/]: Reading file /sys/devices/system/cpu/cpu4/cpu_capacity
[20Sep2025 23:51:22.910] [main/DEBUG] [oshi.util.FileUtil/]: Reading file /sys/devices/system/cpu/cpu5/topology/core_id
[20Sep2025 23:51:22.910] [main/DEBUG] [oshi.util.FileUtil/]: Reading file /sys/devices/system/cpu/cpu5/topology/core_id
[20Sep2025 23:51:22.910] [main/DEBUG] [oshi.util.FileUtil/]: Reading file /sys/devices/system/cpu/cpu5/topology/physical_package_id
[20Sep2025 23:51:22.911] [main/DEBUG] [oshi.util.FileUtil/]: Reading file /sys/devices/system/cpu/cpu5/topology/physical_package_id
[20Sep2025 23:51:22.911] [main/DEBUG] [oshi.util.FileUtil/]: Reading file /sys/devices/system/cpu/cpu5/cpu_capacity
[20Sep2025 23:51:22.911] [main/DEBUG] [oshi.util.FileUtil/]: Reading file /sys/devices/system/cpu/cpu5/cpu_capacity
[20Sep2025 23:51:22.912] [main/DEBUG] [oshi.util.FileUtil/]: Reading file /sys/devices/system/cpu/cpu6/topology/core_id
[20Sep2025 23:51:22.912] [main/DEBUG] [oshi.util.FileUtil/]: Reading file /sys/devices/system/cpu/cpu6/topology/core_id
[20Sep2025 23:51:22.912] [main/DEBUG] [oshi.util.FileUtil/]: Reading file /sys/devices/system/cpu/cpu6/topology/physical_package_id
[20Sep2025 23:51:22.912] [main/DEBUG] [oshi.util.FileUtil/]: Reading file /sys/devices/system/cpu/cpu6/topology/physical_package_id
[20Sep2025 23:51:22.913] [main/DEBUG] [oshi.util.FileUtil/]: Reading file /sys/devices/system/cpu/cpu6/cpu_capacity
[20Sep2025 23:51:22.913] [main/DEBUG] [oshi.util.FileUtil/]: Reading file /sys/devices/system/cpu/cpu6/cpu_capacity
[20Sep2025 23:51:22.913] [main/DEBUG] [oshi.util.FileUtil/]: Reading file /sys/devices/system/cpu/cpu7/topology/core_id
[20Sep2025 23:51:22.914] [main/DEBUG] [oshi.util.FileUtil/]: Reading file /sys/devices/system/cpu/cpu7/topology/core_id
[20Sep2025 23:51:22.914] [main/DEBUG] [oshi.util.FileUtil/]: Reading file /sys/devices/system/cpu/cpu7/topology/physical_package_id
[20Sep2025 23:51:22.914] [main/DEBUG] [oshi.util.FileUtil/]: Reading file /sys/devices/system/cpu/cpu7/topology/physical_package_id
[20Sep2025 23:51:22.914] [main/DEBUG] [oshi.util.FileUtil/]: Reading file /sys/devices/system/cpu/cpu7/cpu_capacity
[20Sep2025 23:51:22.914] [main/DEBUG] [oshi.util.FileUtil/]: Reading file /sys/devices/system/cpu/cpu7/cpu_capacity
[20Sep2025 23:51:22.916] [main/DEBUG] [oshi.util.FileUtil/]: Reading file /sys/devices/system/cpu/cpu8/topology/core_id
[20Sep2025 23:51:22.916] [main/DEBUG] [oshi.util.FileUtil/]: Reading file /sys/devices/system/cpu/cpu8/topology/core_id
[20Sep2025 23:51:22.916] [main/DEBUG] [oshi.util.FileUtil/]: Reading file /sys/devices/system/cpu/cpu8/topology/physical_package_id
[20Sep2025 23:51:22.916] [main/DEBUG] [oshi.util.FileUtil/]: Reading file /sys/devices/system/cpu/cpu8/topology/physical_package_id
[20Sep2025 23:51:22.916] [main/DEBUG] [oshi.util.FileUtil/]: Reading file /sys/devices/system/cpu/cpu8/cpu_capacity
[20Sep2025 23:51:22.916] [main/DEBUG] [oshi.util.FileUtil/]: Reading file /sys/devices/system/cpu/cpu8/cpu_capacity
[20Sep2025 23:51:22.917] [main/DEBUG] [oshi.util.FileUtil/]: Reading file /sys/devices/system/cpu/cpu9/topology/core_id
[20Sep2025 23:51:22.917] [main/DEBUG] [oshi.util.FileUtil/]: Reading file /sys/devices/system/cpu/cpu9/topology/core_id
[20Sep2025 23:51:22.917] [main/DEBUG] [oshi.util.FileUtil/]: Reading file /sys/devices/system/cpu/cpu9/topology/physical_package_id
[20Sep2025 23:51:22.918] [main/DEBUG] [oshi.util.FileUtil/]: Reading file /sys/devices/system/cpu/cpu9/topology/physical_package_id
[20Sep2025 23:51:22.918] [main/DEBUG] [oshi.util.FileUtil/]: Reading file /sys/devices/system/cpu/cpu9/cpu_capacity
[20Sep2025 23:51:22.918] [main/DEBUG] [oshi.util.FileUtil/]: Reading file /sys/devices/system/cpu/cpu9/cpu_capacity
[20Sep2025 23:51:22.920] [main/DEBUG] [oshi.util.FileUtil/]: Reading file /proc/cpuinfo
[20Sep2025 23:51:22.929] [main/DEBUG] [oshi.util.FileUtil/]: Reading file /proc/self/auxv
[20Sep2025 23:51:22.931] [main/DEBUG] [oshi.util.FileUtil/]: No oshi.architecture.properties file found from ClassLoader cpw.mods.modlauncher.TransformingClassLoader@f9f3928
[20Sep2025 23:51:23.122] [main/DEBUG] [oshi.util.FileUtil/]: Reading file /proc/meminfo
[20Sep2025 23:51:23.123] [main/DEBUG] [oshi.util.FileUtil/]: Reading file /proc/meminfo
[20Sep2025 23:51:23.431] [pool-4-thread-1/DEBUG] [net.minecraftforge.coremod.transformer.CoreModBaseTransformer/COREMOD]: Transforming net/minecraft/world/entity/EntityType
[20Sep2025 23:51:23.853] [pool-4-thread-1/DEBUG] [net.minecraftforge.coremod.transformer.CoreModBaseTransformer/COREMOD]: Transforming net/minecraft/world/level/block/LiquidBlock
[20Sep2025 23:51:23.890] [pool-4-thread-1/DEBUG] [net.minecraftforge.coremod.transformer.CoreModBaseTransformer/COREMOD]: Transforming net/minecraft/world/level/block/StairBlock
[20Sep2025 23:51:23.958] [pool-4-thread-1/DEBUG] [net.minecraftforge.coremod.transformer.CoreModBaseTransformer/COREMOD]: Transforming net/minecraft/world/level/block/FlowerPotBlock
[20Sep2025 23:51:24.698] [pool-4-thread-1/DEBUG] [net.minecraftforge.coremod.transformer.CoreModBaseTransformer/COREMOD]: Transforming net/minecraft/world/item/ItemStack
[20Sep2025 23:51:25.372] [pool-4-thread-1/DEBUG] [net.minecraftforge.coremod.transformer.CoreModBaseTransformer/COREMOD]: Transforming net/minecraft/world/entity/animal/frog/Tadpole
[20Sep2025 23:51:25.429] [pool-4-thread-1/DEBUG] [net.minecraftforge.coremod.transformer.CoreModBaseTransformer/COREMOD]: Transforming net/minecraft/world/item/BucketItem
[20Sep2025 23:51:26.172] [pool-4-thread-1/DEBUG] [net.minecraftforge.coremod.transformer.CoreModBaseTransformer/COREMOD]: Transforming net/minecraft/world/entity/monster/Spider
[20Sep2025 23:51:26.233] [pool-4-thread-1/DEBUG] [net.minecraftforge.coremod.transformer.CoreModBaseTransformer/COREMOD]: Transforming net/minecraft/world/entity/monster/Zombie
[20Sep2025 23:51:26.245] [Datafixer Bootstrap/INFO] [com.mojang.datafixers.DataFixerBuilder/]: 188 Datafixer optimizations took 171 milliseconds
[20Sep2025 23:51:26.273] [pool-4-thread-1/DEBUG] [net.minecraftforge.coremod.transformer.CoreModBaseTransformer/COREMOD]: Transforming net/minecraft/world/entity/monster/ZombieVillager
[20Sep2025 23:51:26.328] [pool-4-thread-1/DEBUG] [net.minecraftforge.coremod.transformer.CoreModBaseTransformer/COREMOD]: Transforming net/minecraft/world/entity/monster/Evoker$EvokerSummonSpellGoal
[20Sep2025 23:51:26.481] [pool-4-thread-1/DEBUG] [net.minecraftforge.coremod.transformer.CoreModBaseTransformer/COREMOD]: Transforming net/minecraft/world/entity/animal/horse/SkeletonTrapGoal
[20Sep2025 23:51:26.504] [pool-4-thread-1/DEBUG] [net.minecraftforge.coremod.transformer.CoreModBaseTransformer/COREMOD]: Transforming net/minecraft/world/entity/monster/Strider
[20Sep2025 23:51:26.609] [pool-4-thread-1/DEBUG] [net.minecraftforge.coremod.transformer.CoreModBaseTransformer/COREMOD]: Transforming net/minecraft/world/entity/npc/Villager
[20Sep2025 23:51:26.688] [pool-4-thread-1/DEBUG] [net.minecraftforge.coremod.transformer.CoreModBaseTransformer/COREMOD]: Transforming net/minecraft/world/effect/MobEffectInstance
[20Sep2025 23:51:27.242] [pool-4-thread-1/DEBUG] [net.minecraftforge.coremod.transformer.CoreModBaseTransformer/COREMOD]: Transforming net/minecraft/world/level/levelgen/structure/Structure
[20Sep2025 23:51:27.287] [pool-4-thread-1/DEBUG] [net.minecraftforge.coremod.transformer.CoreModBaseTransformer/COREMOD]: Transforming net/minecraft/world/level/levelgen/structure/structures/OceanRuinPieces$OceanRuinPiece
[20Sep2025 23:51:27.298] [pool-4-thread-1/DEBUG] [net.minecraftforge.coremod.transformer.CoreModBaseTransformer/COREMOD]: Transforming net/minecraft/world/level/levelgen/structure/structures/SwampHutPiece
[20Sep2025 23:51:27.307] [pool-4-thread-1/DEBUG] [net.minecraftforge.coremod.transformer.CoreModBaseTransformer/COREMOD]: Transforming net/minecraft/world/level/levelgen/structure/structures/OceanMonumentPieces$OceanMonumentPiece
[20Sep2025 23:51:27.323] [pool-4-thread-1/DEBUG] [net.minecraftforge.coremod.transformer.CoreModBaseTransformer/COREMOD]: Transforming net/minecraft/world/level/levelgen/structure/structures/WoodlandMansionPieces$WoodlandMansionPiece
[20Sep2025 23:51:27.431] [pool-4-thread-1/DEBUG] [net.minecraftforge.coremod.transformer.CoreModBaseTransformer/COREMOD]: Transforming net/minecraft/world/level/biome/Biome
[20Sep2025 23:51:27.910] [Render thread/DEBUG] [mixin/]: Mixing MixinTitleScreen from beastarium.forge.mixins.json into net.minecraft.client.gui.screens.TitleScreen
[20Sep2025 23:51:28.029] [Render thread/WARN] [net.minecraft.server.packs.VanillaPackResourcesBuilder/]: Assets URL 'union:/home/yarkin/git/Beastarium/forge/build/moddev/artifacts/forge-1.20.1-47.1.47.jar%23179!/assets/.mcassetsroot' uses unexpected schema
[20Sep2025 23:51:28.030] [Render thread/WARN] [net.minecraft.server.packs.VanillaPackResourcesBuilder/]: Assets URL 'union:/home/yarkin/git/Beastarium/forge/build/moddev/artifacts/forge-1.20.1-47.1.47.jar%23179!/data/.mcassetsroot' uses unexpected schema
[20Sep2025 23:51:28.055] [Render thread/INFO] [com.mojang.authlib.yggdrasil.YggdrasilAuthenticationService/]: Environment: authHost='https://authserver.mojang.com', accountsHost='https://api.mojang.com', sessionHost='https://sessionserver.mojang.com', servicesHost='https://api.minecraftservices.com', name='PROD'
[20Sep2025 23:51:28.063] [Render thread/INFO] [net.minecraft.client.Minecraft/]: Setting user: Dev
[20Sep2025 23:51:28.194] [Render thread/INFO] [net.minecraft.client.Minecraft/]: Backend library: LWJGL version 3.3.1 build 7
[20Sep2025 23:51:28.270] [Render thread/DEBUG] [oshi.util.FileUtil/]: Reading file /sys/devices/system/cpu/cpu0/topology/core_id
[20Sep2025 23:51:28.270] [Render thread/DEBUG] [oshi.util.FileUtil/]: Reading file /sys/devices/system/cpu/cpu0/topology/core_id
[20Sep2025 23:51:28.270] [Render thread/DEBUG] [oshi.util.FileUtil/]: Reading file /sys/devices/system/cpu/cpu0/topology/physical_package_id
[20Sep2025 23:51:28.270] [Render thread/DEBUG] [oshi.util.FileUtil/]: Reading file /sys/devices/system/cpu/cpu0/topology/physical_package_id
[20Sep2025 23:51:28.271] [Render thread/DEBUG] [oshi.util.FileUtil/]: Reading file /sys/devices/system/cpu/cpu0/cpu_capacity
[20Sep2025 23:51:28.271] [Render thread/DEBUG] [oshi.util.FileUtil/]: Reading file /sys/devices/system/cpu/cpu0/cpu_capacity
[20Sep2025 23:51:28.272] [Render thread/DEBUG] [oshi.util.FileUtil/]: Reading file /sys/devices/system/cpu/cpu1/topology/core_id
[20Sep2025 23:51:28.272] [Render thread/DEBUG] [oshi.util.FileUtil/]: Reading file /sys/devices/system/cpu/cpu1/topology/core_id
[20Sep2025 23:51:28.272] [Render thread/DEBUG] [oshi.util.FileUtil/]: Reading file /sys/devices/system/cpu/cpu1/topology/physical_package_id
[20Sep2025 23:51:28.273] [Render thread/DEBUG] [oshi.util.FileUtil/]: Reading file /sys/devices/system/cpu/cpu1/topology/physical_package_id
[20Sep2025 23:51:28.273] [Render thread/DEBUG] [oshi.util.FileUtil/]: Reading file /sys/devices/system/cpu/cpu1/cpu_capacity
[20Sep2025 23:51:28.273] [Render thread/DEBUG] [oshi.util.FileUtil/]: Reading file /sys/devices/system/cpu/cpu1/cpu_capacity
[20Sep2025 23:51:28.274] [Render thread/DEBUG] [oshi.util.FileUtil/]: Reading file /sys/devices/system/cpu/cpu10/topology/core_id
[20Sep2025 23:51:28.274] [Render thread/DEBUG] [oshi.util.FileUtil/]: Reading file /sys/devices/system/cpu/cpu10/topology/core_id
[20Sep2025 23:51:28.274] [Render thread/DEBUG] [oshi.util.FileUtil/]: Reading file /sys/devices/system/cpu/cpu10/topology/physical_package_id
[20Sep2025 23:51:28.274] [Render thread/DEBUG] [oshi.util.FileUtil/]: Reading file /sys/devices/system/cpu/cpu10/topology/physical_package_id
[20Sep2025 23:51:28.274] [Render thread/DEBUG] [oshi.util.FileUtil/]: Reading file /sys/devices/system/cpu/cpu10/cpu_capacity
[20Sep2025 23:51:28.274] [Render thread/DEBUG] [oshi.util.FileUtil/]: Reading file /sys/devices/system/cpu/cpu10/cpu_capacity
[20Sep2025 23:51:28.275] [Render thread/DEBUG] [oshi.util.FileUtil/]: Reading file /sys/devices/system/cpu/cpu11/topology/core_id
[20Sep2025 23:51:28.275] [Render thread/DEBUG] [oshi.util.FileUtil/]: Reading file /sys/devices/system/cpu/cpu11/topology/core_id
[20Sep2025 23:51:28.275] [Render thread/DEBUG] [oshi.util.FileUtil/]: Reading file /sys/devices/system/cpu/cpu11/topology/physical_package_id
[20Sep2025 23:51:28.275] [Render thread/DEBUG] [oshi.util.FileUtil/]: Reading file /sys/devices/system/cpu/cpu11/topology/physical_package_id
[20Sep2025 23:51:28.275] [Render thread/DEBUG] [oshi.util.FileUtil/]: Reading file /sys/devices/system/cpu/cpu11/cpu_capacity
[20Sep2025 23:51:28.275] [Render thread/DEBUG] [oshi.util.FileUtil/]: Reading file /sys/devices/system/cpu/cpu11/cpu_capacity
[20Sep2025 23:51:28.276] [Render thread/DEBUG] [oshi.util.FileUtil/]: Reading file /sys/devices/system/cpu/cpu12/topology/core_id
[20Sep2025 23:51:28.276] [Render thread/DEBUG] [oshi.util.FileUtil/]: Reading file /sys/devices/system/cpu/cpu12/topology/core_id
[20Sep2025 23:51:28.276] [Render thread/DEBUG] [oshi.util.FileUtil/]: Reading file /sys/devices/system/cpu/cpu12/topology/physical_package_id
[20Sep2025 23:51:28.276] [Render thread/DEBUG] [oshi.util.FileUtil/]: Reading file /sys/devices/system/cpu/cpu12/topology/physical_package_id
[20Sep2025 23:51:28.276] [Render thread/DEBUG] [oshi.util.FileUtil/]: Reading file /sys/devices/system/cpu/cpu12/cpu_capacity
[20Sep2025 23:51:28.276] [Render thread/DEBUG] [oshi.util.FileUtil/]: Reading file /sys/devices/system/cpu/cpu12/cpu_capacity
[20Sep2025 23:51:28.277] [Render thread/DEBUG] [oshi.util.FileUtil/]: Reading file /sys/devices/system/cpu/cpu13/topology/core_id
[20Sep2025 23:51:28.277] [Render thread/DEBUG] [oshi.util.FileUtil/]: Reading file /sys/devices/system/cpu/cpu13/topology/core_id
[20Sep2025 23:51:28.277] [Render thread/DEBUG] [oshi.util.FileUtil/]: Reading file /sys/devices/system/cpu/cpu13/topology/physical_package_id
[20Sep2025 23:51:28.277] [Render thread/DEBUG] [oshi.util.FileUtil/]: Reading file /sys/devices/system/cpu/cpu13/topology/physical_package_id
[20Sep2025 23:51:28.277] [Render thread/DEBUG] [oshi.util.FileUtil/]: Reading file /sys/devices/system/cpu/cpu13/cpu_capacity
[20Sep2025 23:51:28.278] [Render thread/DEBUG] [oshi.util.FileUtil/]: Reading file /sys/devices/system/cpu/cpu13/cpu_capacity
[20Sep2025 23:51:28.278] [Render thread/DEBUG] [oshi.util.FileUtil/]: Reading file /sys/devices/system/cpu/cpu14/topology/core_id
[20Sep2025 23:51:28.278] [Render thread/DEBUG] [oshi.util.FileUtil/]: Reading file /sys/devices/system/cpu/cpu14/topology/core_id
[20Sep2025 23:51:28.279] [Render thread/DEBUG] [oshi.util.FileUtil/]: Reading file /sys/devices/system/cpu/cpu14/topology/physical_package_id
[20Sep2025 23:51:28.279] [Render thread/DEBUG] [oshi.util.FileUtil/]: Reading file /sys/devices/system/cpu/cpu14/topology/physical_package_id
[20Sep2025 23:51:28.279] [Render thread/DEBUG] [oshi.util.FileUtil/]: Reading file /sys/devices/system/cpu/cpu14/cpu_capacity
[20Sep2025 23:51:28.279] [Render thread/DEBUG] [oshi.util.FileUtil/]: Reading file /sys/devices/system/cpu/cpu14/cpu_capacity
[20Sep2025 23:51:28.279] [Render thread/DEBUG] [oshi.util.FileUtil/]: Reading file /sys/devices/system/cpu/cpu15/topology/core_id
[20Sep2025 23:51:28.279] [Render thread/DEBUG] [oshi.util.FileUtil/]: Reading file /sys/devices/system/cpu/cpu15/topology/core_id
[20Sep2025 23:51:28.280] [Render thread/DEBUG] [oshi.util.FileUtil/]: Reading file /sys/devices/system/cpu/cpu15/topology/physical_package_id
[20Sep2025 23:51:28.280] [Render thread/DEBUG] [oshi.util.FileUtil/]: Reading file /sys/devices/system/cpu/cpu15/topology/physical_package_id
[20Sep2025 23:51:28.280] [Render thread/DEBUG] [oshi.util.FileUtil/]: Reading file /sys/devices/system/cpu/cpu15/cpu_capacity
[20Sep2025 23:51:28.280] [Render thread/DEBUG] [oshi.util.FileUtil/]: Reading file /sys/devices/system/cpu/cpu15/cpu_capacity
[20Sep2025 23:51:28.281] [Render thread/DEBUG] [oshi.util.FileUtil/]: Reading file /sys/devices/system/cpu/cpu2/topology/core_id
[20Sep2025 23:51:28.281] [Render thread/DEBUG] [oshi.util.FileUtil/]: Reading file /sys/devices/system/cpu/cpu2/topology/core_id
[20Sep2025 23:51:28.281] [Render thread/DEBUG] [oshi.util.FileUtil/]: Reading file /sys/devices/system/cpu/cpu2/topology/physical_package_id
[20Sep2025 23:51:28.281] [Render thread/DEBUG] [oshi.util.FileUtil/]: Reading file /sys/devices/system/cpu/cpu2/topology/physical_package_id
[20Sep2025 23:51:28.281] [Render thread/DEBUG] [oshi.util.FileUtil/]: Reading file /sys/devices/system/cpu/cpu2/cpu_capacity
[20Sep2025 23:51:28.281] [Render thread/DEBUG] [oshi.util.FileUtil/]: Reading file /sys/devices/system/cpu/cpu2/cpu_capacity
[20Sep2025 23:51:28.282] [Render thread/DEBUG] [oshi.util.FileUtil/]: Reading file /sys/devices/system/cpu/cpu3/topology/core_id
[20Sep2025 23:51:28.282] [Render thread/DEBUG] [oshi.util.FileUtil/]: Reading file /sys/devices/system/cpu/cpu3/topology/core_id
[20Sep2025 23:51:28.282] [Render thread/DEBUG] [oshi.util.FileUtil/]: Reading file /sys/devices/system/cpu/cpu3/topology/physical_package_id
[20Sep2025 23:51:28.282] [Render thread/DEBUG] [oshi.util.FileUtil/]: Reading file /sys/devices/system/cpu/cpu3/topology/physical_package_id
[20Sep2025 23:51:28.282] [Render thread/DEBUG] [oshi.util.FileUtil/]: Reading file /sys/devices/system/cpu/cpu3/cpu_capacity
[20Sep2025 23:51:28.282] [Render thread/DEBUG] [oshi.util.FileUtil/]: Reading file /sys/devices/system/cpu/cpu3/cpu_capacity
[20Sep2025 23:51:28.282] [Render thread/DEBUG] [oshi.util.FileUtil/]: Reading file /sys/devices/system/cpu/cpu4/topology/core_id
[20Sep2025 23:51:28.283] [Render thread/DEBUG] [oshi.util.FileUtil/]: Reading file /sys/devices/system/cpu/cpu4/topology/core_id
[20Sep2025 23:51:28.283] [Render thread/DEBUG] [oshi.util.FileUtil/]: Reading file /sys/devices/system/cpu/cpu4/topology/physical_package_id
[20Sep2025 23:51:28.283] [Render thread/DEBUG] [oshi.util.FileUtil/]: Reading file /sys/devices/system/cpu/cpu4/topology/physical_package_id
[20Sep2025 23:51:28.283] [Render thread/DEBUG] [oshi.util.FileUtil/]: Reading file /sys/devices/system/cpu/cpu4/cpu_capacity
[20Sep2025 23:51:28.283] [Render thread/DEBUG] [oshi.util.FileUtil/]: Reading file /sys/devices/system/cpu/cpu4/cpu_capacity
[20Sep2025 23:51:28.283] [Render thread/DEBUG] [oshi.util.FileUtil/]: Reading file /sys/devices/system/cpu/cpu5/topology/core_id
[20Sep2025 23:51:28.283] [Render thread/DEBUG] [oshi.util.FileUtil/]: Reading file /sys/devices/system/cpu/cpu5/topology/core_id
[20Sep2025 23:51:28.284] [Render thread/DEBUG] [oshi.util.FileUtil/]: Reading file /sys/devices/system/cpu/cpu5/topology/physical_package_id
[20Sep2025 23:51:28.284] [Render thread/DEBUG] [oshi.util.FileUtil/]: Reading file /sys/devices/system/cpu/cpu5/topology/physical_package_id
[20Sep2025 23:51:28.284] [Render thread/DEBUG] [oshi.util.FileUtil/]: Reading file /sys/devices/system/cpu/cpu5/cpu_capacity
[20Sep2025 23:51:28.284] [Render thread/DEBUG] [oshi.util.FileUtil/]: Reading file /sys/devices/system/cpu/cpu5/cpu_capacity
[20Sep2025 23:51:28.284] [Render thread/DEBUG] [oshi.util.FileUtil/]: Reading file /sys/devices/system/cpu/cpu6/topology/core_id
[20Sep2025 23:51:28.284] [Render thread/DEBUG] [oshi.util.FileUtil/]: Reading file /sys/devices/system/cpu/cpu6/topology/core_id
[20Sep2025 23:51:28.285] [Render thread/DEBUG] [oshi.util.FileUtil/]: Reading file /sys/devices/system/cpu/cpu6/topology/physical_package_id
[20Sep2025 23:51:28.285] [Render thread/DEBUG] [oshi.util.FileUtil/]: Reading file /sys/devices/system/cpu/cpu6/topology/physical_package_id
[20Sep2025 23:51:28.285] [Render thread/DEBUG] [oshi.util.FileUtil/]: Reading file /sys/devices/system/cpu/cpu6/cpu_capacity
[20Sep2025 23:51:28.285] [Render thread/DEBUG] [oshi.util.FileUtil/]: Reading file /sys/devices/system/cpu/cpu6/cpu_capacity
[20Sep2025 23:51:28.285] [Render thread/DEBUG] [oshi.util.FileUtil/]: Reading file /sys/devices/system/cpu/cpu7/topology/core_id
[20Sep2025 23:51:28.286] [Render thread/DEBUG] [oshi.util.FileUtil/]: Reading file /sys/devices/system/cpu/cpu7/topology/core_id
[20Sep2025 23:51:28.286] [Render thread/DEBUG] [oshi.util.FileUtil/]: Reading file /sys/devices/system/cpu/cpu7/topology/physical_package_id
[20Sep2025 23:51:28.286] [Render thread/DEBUG] [oshi.util.FileUtil/]: Reading file /sys/devices/system/cpu/cpu7/topology/physical_package_id
[20Sep2025 23:51:28.286] [Render thread/DEBUG] [oshi.util.FileUtil/]: Reading file /sys/devices/system/cpu/cpu7/cpu_capacity
[20Sep2025 23:51:28.287] [Render thread/DEBUG] [oshi.util.FileUtil/]: Reading file /sys/devices/system/cpu/cpu7/cpu_capacity
[20Sep2025 23:51:28.287] [Render thread/DEBUG] [oshi.util.FileUtil/]: Reading file /sys/devices/system/cpu/cpu8/topology/core_id
[20Sep2025 23:51:28.287] [Render thread/DEBUG] [oshi.util.FileUtil/]: Reading file /sys/devices/system/cpu/cpu8/topology/core_id
[20Sep2025 23:51:28.288] [Render thread/DEBUG] [oshi.util.FileUtil/]: Reading file /sys/devices/system/cpu/cpu8/topology/physical_package_id
[20Sep2025 23:51:28.288] [Render thread/DEBUG] [oshi.util.FileUtil/]: Reading file /sys/devices/system/cpu/cpu8/topology/physical_package_id
[20Sep2025 23:51:28.288] [Render thread/DEBUG] [oshi.util.FileUtil/]: Reading file /sys/devices/system/cpu/cpu8/cpu_capacity
[20Sep2025 23:51:28.288] [Render thread/DEBUG] [oshi.util.FileUtil/]: Reading file /sys/devices/system/cpu/cpu8/cpu_capacity
[20Sep2025 23:51:28.288] [Render thread/DEBUG] [oshi.util.FileUtil/]: Reading file /sys/devices/system/cpu/cpu9/topology/core_id
[20Sep2025 23:51:28.289] [Render thread/DEBUG] [oshi.util.FileUtil/]: Reading file /sys/devices/system/cpu/cpu9/topology/core_id
[20Sep2025 23:51:28.289] [Render thread/DEBUG] [oshi.util.FileUtil/]: Reading file /sys/devices/system/cpu/cpu9/topology/physical_package_id
[20Sep2025 23:51:28.289] [Render thread/DEBUG] [oshi.util.FileUtil/]: Reading file /sys/devices/system/cpu/cpu9/topology/physical_package_id
[20Sep2025 23:51:28.289] [Render thread/DEBUG] [oshi.util.FileUtil/]: Reading file /sys/devices/system/cpu/cpu9/cpu_capacity
[20Sep2025 23:51:28.289] [Render thread/DEBUG] [oshi.util.FileUtil/]: Reading file /sys/devices/system/cpu/cpu9/cpu_capacity
[20Sep2025 23:51:28.290] [Render thread/DEBUG] [oshi.util.FileUtil/]: Reading file /proc/cpuinfo
[20Sep2025 23:51:28.302] [Render thread/DEBUG] [oshi.util.FileUtil/]: Reading file /proc/self/auxv
[20Sep2025 23:51:28.373] [Render thread/DEBUG] [net.minecraftforge.common.ForgeI18n/CORE]: Loading I18N data entries: 6430
[20Sep2025 23:51:28.401] [Render thread/DEBUG] [net.minecraftforge.fml.ModWorkManager/LOADING]: Using 12 threads for parallel mod-loading
[20Sep2025 23:51:28.410] [Render thread/DEBUG] [net.minecraftforge.fml.javafmlmod.FMLJavaModLanguageProvider/LOADING]: Loading FMLModContainer from classloader cpw.mods.modlauncher.TransformingClassLoader@f9f3928 - got cpw.mods.cl.ModuleClassLoader@72805168
[20Sep2025 23:51:28.410] [Render thread/DEBUG] [net.minecraftforge.fml.javafmlmod.FMLModContainer/LOADING]: Creating FMLModContainer instance for net.minecraftforge.common.ForgeMod
[20Sep2025 23:51:28.417] [Render thread/DEBUG] [net.minecraftforge.fml.javafmlmod.FMLJavaModLanguageProvider/LOADING]: Loading FMLModContainer from classloader cpw.mods.modlauncher.TransformingClassLoader@f9f3928 - got cpw.mods.cl.ModuleClassLoader@72805168
[20Sep2025 23:51:28.417] [Render thread/DEBUG] [net.minecraftforge.fml.javafmlmod.FMLModContainer/LOADING]: Creating FMLModContainer instance for com.stellarith.beastarium.BeastariumForge
[20Sep2025 23:51:28.430] [modloading-worker-0/INFO] [Beastarium/]: Initialized mod Beastarium.
[20Sep2025 23:51:28.432] [modloading-worker-0/DEBUG] [net.minecraftforge.fml.javafmlmod.AutomaticEventSubscriber/LOADING]: Attempting to inject @EventBusSubscriber classes into the eventbus for beastarium
[20Sep2025 23:51:28.437] [modloading-worker-0/DEBUG] [net.minecraftforge.fml.javafmlmod.AutomaticEventSubscriber/LOADING]: Auto-subscribing com.stellarith.beastarium.registry.ModRegistry to MOD
[20Sep2025 23:51:28.441] [modloading-worker-0/DEBUG] [net.minecraftforge.fml.javafmlmod.AutomaticEventSubscriber/LOADING]: Auto-subscribing com.stellarith.beastarium.registry.ForgeRegistry to FORGE
[20Sep2025 23:51:28.447] [modloading-worker-0/DEBUG] [net.minecraftforge.versions.forge.ForgeVersion/CORE]: Forge Version package package net.minecraftforge.versions.forge, Forge, version 47.1 from cpw.mods.modlauncher.TransformingClassLoader@f9f3928
[20Sep2025 23:51:28.447] [modloading-worker-0/DEBUG] [net.minecraftforge.versions.forge.ForgeVersion/CORE]: Found Forge version 47.1.47
[20Sep2025 23:51:28.447] [modloading-worker-0/DEBUG] [net.minecraftforge.versions.forge.ForgeVersion/CORE]: Found Forge spec 47.1
[20Sep2025 23:51:28.447] [modloading-worker-0/DEBUG] [net.minecraftforge.versions.forge.ForgeVersion/CORE]: Found Forge group net.minecraftforge
[20Sep2025 23:51:28.448] [modloading-worker-0/DEBUG] [net.minecraftforge.fml.javafmlmod.AutomaticEventSubscriber/LOADING]: Auto-subscribing com.stellarith.beastarium.rendering.RenderEventsForge to FORGE
[20Sep2025 23:51:28.448] [modloading-worker-0/DEBUG] [net.minecraftforge.versions.mcp.MCPVersion/CORE]: MCP Version package package net.minecraftforge.versions.mcp, Minecraft, version 1.20.1 from cpw.mods.modlauncher.TransformingClassLoader@f9f3928
[20Sep2025 23:51:28.448] [modloading-worker-0/DEBUG] [net.minecraftforge.versions.mcp.MCPVersion/CORE]: Found MC version information 1.20.1
[20Sep2025 23:51:28.449] [modloading-worker-0/DEBUG] [net.minecraftforge.versions.mcp.MCPVersion/CORE]: Found MCP version information 20230612.114412
[20Sep2025 23:51:28.449] [modloading-worker-0/INFO] [net.minecraftforge.common.ForgeMod/FORGEMOD]: Forge mod loading, version 47.1.47, for MC 1.20.1 with MCP 20230612.114412
[20Sep2025 23:51:28.449] [modloading-worker-0/INFO] [net.minecraftforge.common.MinecraftForge/FORGE]: MinecraftForge v47.1.47 Initialized
[20Sep2025 23:51:28.465] [modloading-worker-0/DEBUG] [net.minecraftforge.fml.javafmlmod.AutomaticEventSubscriber/LOADING]: Auto-subscribing com.stellarith.beastarium.item.ItemEventsForge to FORGE
[20Sep2025 23:51:28.545] [modloading-worker-0/DEBUG] [io.netty.util.internal.PlatformDependent0/]: -Dio.netty.noUnsafe: false
[20Sep2025 23:51:28.545] [modloading-worker-0/DEBUG] [io.netty.util.internal.PlatformDependent0/]: Java version: 17
[20Sep2025 23:51:28.545] [modloading-worker-0/DEBUG] [io.netty.util.internal.PlatformDependent0/]: sun.misc.Unsafe.theUnsafe: available
[20Sep2025 23:51:28.546] [modloading-worker-0/DEBUG] [io.netty.util.internal.PlatformDependent0/]: sun.misc.Unsafe.copyMemory: available
[20Sep2025 23:51:28.546] [modloading-worker-0/DEBUG] [io.netty.util.internal.PlatformDependent0/]: sun.misc.Unsafe.storeFence: available
[20Sep2025 23:51:28.546] [modloading-worker-0/DEBUG] [io.netty.util.internal.PlatformDependent0/]: java.nio.Buffer.address: available
[20Sep2025 23:51:28.547] [modloading-worker-0/DEBUG] [io.netty.util.internal.PlatformDependent0/]: direct buffer constructor: unavailable
java.lang.UnsupportedOperationException: Reflective setAccessible(true) disabled
	at io.netty.util.internal.ReflectionUtil.trySetAccessible(ReflectionUtil.java:31) ~[netty-common-4.1.82.Final.jar%23114!/:4.1.82.Final]
	at io.netty.util.internal.PlatformDependent0$5.run(PlatformDependent0.java:288) ~[netty-common-4.1.82.Final.jar%23114!/:4.1.82.Final]
	at java.security.AccessController.doPrivileged(AccessController.java:318) ~[?:?]
	at io.netty.util.internal.PlatformDependent0.<clinit>(PlatformDependent0.java:282) ~[netty-common-4.1.82.Final.jar%23114!/:4.1.82.Final]
	at io.netty.util.internal.PlatformDependent.isAndroid(PlatformDependent.java:333) ~[netty-common-4.1.82.Final.jar%23114!/:4.1.82.Final]
	at io.netty.util.internal.PlatformDependent.<clinit>(PlatformDependent.java:88) ~[netty-common-4.1.82.Final.jar%23114!/:4.1.82.Final]
	at io.netty.util.ConstantPool.<init>(ConstantPool.java:34) ~[netty-common-4.1.82.Final.jar%23114!/:4.1.82.Final]
	at io.netty.util.AttributeKey$1.<init>(AttributeKey.java:27) ~[netty-common-4.1.82.Final.jar%23114!/:4.1.82.Final]
	at io.netty.util.AttributeKey.<clinit>(AttributeKey.java:27) ~[netty-common-4.1.82.Final.jar%23114!/:4.1.82.Final]
	at net.minecraftforge.network.NetworkConstants.<clinit>(NetworkConstants.java:34) ~[forge-1.20.1-47.1.47.jar%23178%23185!/:?]
	at net.minecraftforge.common.ForgeMod.<init>(ForgeMod.java:429) ~[forge-1.20.1-47.1.47.jar%23178%23185!/:?]
	at jdk.internal.reflect.NativeConstructorAccessorImpl.newInstance0(Native Method) ~[?:?]
	at jdk.internal.reflect.NativeConstructorAccessorImpl.newInstance(NativeConstructorAccessorImpl.java:77) ~[?:?]
	at jdk.internal.reflect.DelegatingConstructorAccessorImpl.newInstance(DelegatingConstructorAccessorImpl.java:45) ~[?:?]
	at java.lang.reflect.Constructor.newInstanceWithCaller(Constructor.java:500) ~[?:?]
	at java.lang.reflect.Constructor.newInstance(Constructor.java:481) ~[?:?]
	at net.minecraftforge.fml.javafmlmod.FMLModContainer.constructMod(FMLModContainer.java:68) ~[javafmllanguage-1.20.1-47.1.47.jar%23181!/:?]
	at net.minecraftforge.fml.ModContainer.lambda$buildTransitionHandler$10(ModContainer.java:123) ~[fmlcore-1.20.1-47.1.47.jar%23180!/:?]
	at java.util.concurrent.CompletableFuture$AsyncRun.run(CompletableFuture.java:1804) ~[?:?]
	at java.util.concurrent.CompletableFuture$AsyncRun.exec(CompletableFuture.java:1796) ~[?:?]
	at java.util.concurrent.ForkJoinTask.doExec(ForkJoinTask.java:373) ~[?:?]
	at java.util.concurrent.ForkJoinPool$WorkQueue.topLevelExec(ForkJoinPool.java:1182) ~[?:?]
	at java.util.concurrent.ForkJoinPool.scan(ForkJoinPool.java:1655) ~[?:?]
	at java.util.concurrent.ForkJoinPool.runWorker(ForkJoinPool.java:1622) ~[?:?]
	at java.util.concurrent.ForkJoinWorkerThread.run(ForkJoinWorkerThread.java:165) ~[?:?]
[20Sep2025 23:51:28.549] [modloading-worker-0/DEBUG] [io.netty.util.internal.PlatformDependent0/]: java.nio.Bits.unaligned: available, true
[20Sep2025 23:51:28.550] [modloading-worker-0/DEBUG] [io.netty.util.internal.PlatformDependent0/]: jdk.internal.misc.Unsafe.allocateUninitializedArray(int): unavailable
java.lang.IllegalAccessException: class io.netty.util.internal.PlatformDependent0$7 (in module io.netty.common) cannot access class jdk.internal.misc.Unsafe (in module java.base) because module java.base does not export jdk.internal.misc to module io.netty.common
	at jdk.internal.reflect.Reflection.newIllegalAccessException(Reflection.java:392) ~[?:?]
	at java.lang.reflect.AccessibleObject.checkAccess(AccessibleObject.java:674) ~[?:?]
	at java.lang.reflect.Method.invoke(Method.java:561) ~[?:?]
	at io.netty.util.internal.PlatformDependent0$7.run(PlatformDependent0.java:410) ~[netty-common-4.1.82.Final.jar%23114!/:4.1.82.Final]
	at java.security.AccessController.doPrivileged(AccessController.java:318) ~[?:?]
	at io.netty.util.internal.PlatformDependent0.<clinit>(PlatformDependent0.java:401) ~[netty-common-4.1.82.Final.jar%23114!/:4.1.82.Final]
	at io.netty.util.internal.PlatformDependent.isAndroid(PlatformDependent.java:333) ~[netty-common-4.1.82.Final.jar%23114!/:4.1.82.Final]
	at io.netty.util.internal.PlatformDependent.<clinit>(PlatformDependent.java:88) ~[netty-common-4.1.82.Final.jar%23114!/:4.1.82.Final]
	at io.netty.util.ConstantPool.<init>(ConstantPool.java:34) ~[netty-common-4.1.82.Final.jar%23114!/:4.1.82.Final]
	at io.netty.util.AttributeKey$1.<init>(AttributeKey.java:27) ~[netty-common-4.1.82.Final.jar%23114!/:4.1.82.Final]
	at io.netty.util.AttributeKey.<clinit>(AttributeKey.java:27) ~[netty-common-4.1.82.Final.jar%23114!/:4.1.82.Final]
	at net.minecraftforge.network.NetworkConstants.<clinit>(NetworkConstants.java:34) ~[forge-1.20.1-47.1.47.jar%23178%23185!/:?]
	at net.minecraftforge.common.ForgeMod.<init>(ForgeMod.java:429) ~[forge-1.20.1-47.1.47.jar%23178%23185!/:?]
	at jdk.internal.reflect.NativeConstructorAccessorImpl.newInstance0(Native Method) ~[?:?]
	at jdk.internal.reflect.NativeConstructorAccessorImpl.newInstance(NativeConstructorAccessorImpl.java:77) ~[?:?]
	at jdk.internal.reflect.DelegatingConstructorAccessorImpl.newInstance(DelegatingConstructorAccessorImpl.java:45) ~[?:?]
	at java.lang.reflect.Constructor.newInstanceWithCaller(Constructor.java:500) ~[?:?]
	at java.lang.reflect.Constructor.newInstance(Constructor.java:481) ~[?:?]
	at net.minecraftforge.fml.javafmlmod.FMLModContainer.constructMod(FMLModContainer.java:68) ~[javafmllanguage-1.20.1-47.1.47.jar%23181!/:?]
	at net.minecraftforge.fml.ModContainer.lambda$buildTransitionHandler$10(ModContainer.java:123) ~[fmlcore-1.20.1-47.1.47.jar%23180!/:?]
	at java.util.concurrent.CompletableFuture$AsyncRun.run(CompletableFuture.java:1804) ~[?:?]
	at java.util.concurrent.CompletableFuture$AsyncRun.exec(CompletableFuture.java:1796) ~[?:?]
	at java.util.concurrent.ForkJoinTask.doExec(ForkJoinTask.java:373) ~[?:?]
	at java.util.concurrent.ForkJoinPool$WorkQueue.topLevelExec(ForkJoinPool.java:1182) ~[?:?]
	at java.util.concurrent.ForkJoinPool.scan(ForkJoinPool.java:1655) ~[?:?]
	at java.util.concurrent.ForkJoinPool.runWorker(ForkJoinPool.java:1622) ~[?:?]
	at java.util.concurrent.ForkJoinWorkerThread.run(ForkJoinWorkerThread.java:165) ~[?:?]
[20Sep2025 23:51:28.552] [modloading-worker-0/DEBUG] [io.netty.util.internal.PlatformDependent0/]: java.nio.DirectByteBuffer.<init>(long, int): unavailable
[20Sep2025 23:51:28.552] [modloading-worker-0/DEBUG] [io.netty.util.internal.PlatformDependent/]: sun.misc.Unsafe: available
[20Sep2025 23:51:28.553] [modloading-worker-0/DEBUG] [io.netty.util.internal.PlatformDependent/]: maxDirectMemory: 8313110528 bytes (maybe)
[20Sep2025 23:51:28.553] [modloading-worker-0/DEBUG] [io.netty.util.internal.PlatformDependent/]: -Dio.netty.tmpdir: /tmp (java.io.tmpdir)
[20Sep2025 23:51:28.553] [modloading-worker-0/DEBUG] [io.netty.util.internal.PlatformDependent/]: -Dio.netty.bitMode: 64 (sun.arch.data.model)
[20Sep2025 23:51:28.555] [modloading-worker-0/DEBUG] [io.netty.util.internal.PlatformDependent/]: -Dio.netty.maxDirectMemory: -1 bytes
[20Sep2025 23:51:28.555] [modloading-worker-0/DEBUG] [io.netty.util.internal.PlatformDependent/]: -Dio.netty.uninitializedArrayAllocationThreshold: -1
[20Sep2025 23:51:28.559] [modloading-worker-0/DEBUG] [io.netty.util.internal.CleanerJava9/]: java.nio.ByteBuffer.cleaner(): available
[20Sep2025 23:51:28.559] [modloading-worker-0/DEBUG] [io.netty.util.internal.PlatformDependent/]: -Dio.netty.noPreferDirect: false
[20Sep2025 23:51:28.604] [modloading-worker-0/DEBUG] [net.minecraftforge.common.ForgeMod/FORGEMOD]: Loading Network data for FML net version: FML3
[20Sep2025 23:51:28.679] [modloading-worker-0/DEBUG] [net.minecraftforge.fml.config.ConfigTracker/CONFIG]: Config file forge-client.toml for forge tracking
[20Sep2025 23:51:28.679] [modloading-worker-0/DEBUG] [net.minecraftforge.fml.config.ConfigTracker/CONFIG]: Config file forge-server.toml for forge tracking
[20Sep2025 23:51:28.679] [modloading-worker-0/DEBUG] [net.minecraftforge.fml.ModLoadingContext/]: Attempted to register an empty config for type COMMON on mod forge
[20Sep2025 23:51:28.702] [modloading-worker-0/DEBUG] [net.minecraftforge.fml.javafmlmod.AutomaticEventSubscriber/LOADING]: Attempting to inject @EventBusSubscriber classes into the eventbus for forge
[20Sep2025 23:51:28.703] [modloading-worker-0/DEBUG] [net.minecraftforge.fml.javafmlmod.AutomaticEventSubscriber/LOADING]: Auto-subscribing net.minecraftforge.client.ClientForgeMod to MOD
[20Sep2025 23:51:28.707] [modloading-worker-0/DEBUG] [net.minecraftforge.fml.javafmlmod.AutomaticEventSubscriber/LOADING]: Auto-subscribing net.minecraftforge.client.ForgeHooksClient$ClientEvents to MOD
[20Sep2025 23:51:28.715] [modloading-worker-0/DEBUG] [net.minecraftforge.fml.javafmlmod.AutomaticEventSubscriber/LOADING]: Auto-subscribing net.minecraftforge.client.model.data.ModelDataManager to FORGE
[20Sep2025 23:51:28.717] [modloading-worker-0/DEBUG] [net.minecraftforge.fml.javafmlmod.AutomaticEventSubscriber/LOADING]: Auto-subscribing net.minecraftforge.common.ForgeSpawnEggItem$ColorRegisterHandler to MOD
[20Sep2025 23:51:28.721] [modloading-worker-0/DEBUG] [net.minecraftforge.fml.javafmlmod.AutomaticEventSubscriber/LOADING]: Auto-subscribing net.minecraftforge.common.ForgeSpawnEggItem$CommonHandler to MOD
[20Sep2025 23:51:28.775] [Render thread/DEBUG] [net.minecraftforge.common.capabilities.CapabilityManager/CAPABILITIES]: Attempting to automatically register: Lnet/minecraftforge/energy/IEnergyStorage;
[20Sep2025 23:51:28.776] [Render thread/DEBUG] [net.minecraftforge.common.capabilities.CapabilityManager/CAPABILITIES]: Attempting to automatically register: Lnet/minecraftforge/fluids/capability/IFluidHandler;
[20Sep2025 23:51:28.776] [Render thread/DEBUG] [net.minecraftforge.common.capabilities.CapabilityManager/CAPABILITIES]: Attempting to automatically register: Lnet/minecraftforge/fluids/capability/IFluidHandlerItem;
[20Sep2025 23:51:28.776] [Render thread/DEBUG] [net.minecraftforge.common.capabilities.CapabilityManager/CAPABILITIES]: Attempting to automatically register: Lnet/minecraftforge/items/IItemHandler;
[20Sep2025 23:51:29.028] [Render thread/DEBUG] [net.minecraftforge.client.loading.ClientModLoader/CORE]: Generating PackInfo named mod:forge for mod file /
[20Sep2025 23:51:29.029] [Render thread/DEBUG] [net.minecraftforge.client.loading.ClientModLoader/CORE]: Generating PackInfo named mod:beastarium for mod file /home/yarkin/git/Beastarium/forge/build/classes/java/main
[20Sep2025 23:51:29.552] [Render thread/INFO] [net.minecraftforge.gametest.ForgeGameTestHooks/]: Enabled Gametest Namespaces: []
[20Sep2025 23:51:29.691] [Render thread/ERROR] [com.mojang.text2speech.Narrator/]: Error while loading the narrator
com.mojang.text2speech.Narrator$InitializeException: Failed to load library flite
	at com.mojang.text2speech.NarratorLinux$FliteLibrary.loadNative(NarratorLinux.java:69) ~[text2speech-1.17.9.jar:?]
	at com.mojang.text2speech.NarratorLinux.<init>(NarratorLinux.java:18) ~[text2speech-1.17.9.jar:?]
	at com.mojang.text2speech.Narrator.getNarrator(Narrator.java:41) ~[text2speech-1.17.9.jar:?]
	at net.minecraft.client.GameNarrator.<init>(GameNarrator.java:21) ~[forge-1.20.1-47.1.47.jar:?]
	at net.minecraft.client.Minecraft.<init>(Minecraft.java:568) ~[forge-1.20.1-47.1.47.jar:?]
	at net.minecraft.client.main.Main.main(Main.java:182) ~[forge-1.20.1-47.1.47.jar:?]
	at jdk.internal.reflect.NativeMethodAccessorImpl.invoke0(Native Method) ~[?:?]
	at jdk.internal.reflect.NativeMethodAccessorImpl.invoke(NativeMethodAccessorImpl.java:77) ~[?:?]
	at jdk.internal.reflect.DelegatingMethodAccessorImpl.invoke(DelegatingMethodAccessorImpl.java:43) ~[?:?]
	at java.lang.reflect.Method.invoke(Method.java:569) ~[?:?]
	at net.minecraftforge.fml.loading.targets.CommonLaunchHandler.runTarget(CommonLaunchHandler.java:111) ~[fmlloader-1.20.1-47.1.47.jar:?]
	at net.minecraftforge.fml.loading.targets.CommonLaunchHandler.clientService(CommonLaunchHandler.java:99) ~[fmlloader-1.20.1-47.1.47.jar:?]
	at net.minecraftforge.fml.loading.targets.ForgeClientUserdevLaunchHandler.devService(ForgeClientUserdevLaunchHandler.java:19) ~[fmlloader-1.20.1-47.1.47.jar:?]
	at net.minecraftforge.fml.loading.targets.CommonDevLaunchHandler.lambda$makeService$7(CommonDevLaunchHandler.java:135) ~[fmlloader-1.20.1-47.1.47.jar:?]
	at cpw.mods.modlauncher.LaunchServiceHandlerDecorator.launch(LaunchServiceHandlerDecorator.java:30) ~[modlauncher-10.0.10.jar:?]
	at cpw.mods.modlauncher.LaunchServiceHandler.launch(LaunchServiceHandler.java:53) ~[modlauncher-10.0.10.jar:?]
	at cpw.mods.modlauncher.LaunchServiceHandler.launch(LaunchServiceHandler.java:71) ~[modlauncher-10.0.10.jar:?]
	at cpw.mods.modlauncher.Launcher.run(Launcher.java:108) ~[modlauncher-10.0.10.jar:?]
	at cpw.mods.modlauncher.Launcher.main(Launcher.java:78) ~[modlauncher-10.0.10.jar:?]
	at cpw.mods.modlauncher.BootstrapLaunchConsumer.accept(BootstrapLaunchConsumer.java:26) ~[modlauncher-10.0.10.jar:?]
	at cpw.mods.modlauncher.BootstrapLaunchConsumer.accept(BootstrapLaunchConsumer.java:23) ~[modlauncher-10.0.10.jar:?]
	at cpw.mods.bootstraplauncher.BootstrapLauncher.main(BootstrapLauncher.java:141) ~[bootstraplauncher-1.1.2.jar:?]
	at jdk.internal.reflect.NativeMethodAccessorImpl.invoke0(Native Method) ~[?:?]
	at jdk.internal.reflect.NativeMethodAccessorImpl.invoke(NativeMethodAccessorImpl.java:77) ~[?:?]
	at jdk.internal.reflect.DelegatingMethodAccessorImpl.invoke(DelegatingMethodAccessorImpl.java:43) ~[?:?]
	at java.lang.reflect.Method.invoke(Method.java:569) ~[?:?]
	at net.neoforged.devlaunch.Main.main(Main.java:55) ~[?:?]
Caused by: java.lang.UnsatisfiedLinkError: Unable to load library 'flite':
libflite.so: cannot open shared object file: No such file or directory
libflite.so: cannot open shared object file: No such file or directory
Native library (linux-x86-64/libflite.so) not found in resource path (/home/yarkin/git/Beastarium/forge/build/classes/java/main:/home/yarkin/git/Beastarium/forge/build/resources/main:/home/yarkin/git/Beastarium/forge/build/moddev/artifacts/forge-1.20.1-47.1.47.jar:/home/yarkin/git/Beastarium/forge/build/moddev/artifacts/client-extra-1.20.1-47.1.47.jar:/home/yarkin/git/Beastarium/forge/build/moddev/artifacts/intermediateToNamed.zip:/home/yarkin/.gradle/caches/modules-2/files-2.1/net.neoforged/DevLaunch/1.0.1/48617810523f426d42430867894faa7fe1b933dd/DevLaunch-1.0.1.jar:/home/yarkin/.gradle/caches/modules-2/resources-2.1/38/c7d29380ddb38becad7c0819b5b325e43bca23f0/mcp_config-1.20.1.zip:/home/yarkin/.gradle/caches/modules-2/files-2.1/cpw.mods/bootstraplauncher/1.1.2/c546e00443d8432cda6baa1c860346980742628/bootstraplauncher-1.1.2.jar:/home/yarkin/.gradle/caches/modules-2/files-2.1/net.minecraftforge/fmlearlydisplay/1.20.1-47.1.47/b2b9a41bed58b24f27b4d7852cfaff69d675d489/fmlearlydisplay-1.20.1-47.1.47.jar:/home/yarkin/.gradle/caches/modules-2/files-2.1/net.minecraftforge/javafmllanguage/1.20.1-47.1.47/57b4103e32ac0f74b33e704bfe2b9df1c6200edf/javafmllanguage-1.20.1-47.1.47.jar:/home/yarkin/.gradle/caches/modules-2/files-2.1/net.minecraftforge/lowcodelanguage/1.20.1-47.1.47/5f3513af8ed4fcab2417c15251cf201d688533a6/lowcodelanguage-1.20.1-47.1.47.jar:/home/yarkin/.gradle/caches/modules-2/files-2.1/net.minecraftforge/mclanguage/1.20.1-47.1.47/ebc707d73d74451493fb5b5252dc6cf6b1bf1795/mclanguage-1.20.1-47.1.47.jar:/home/yarkin/.gradle/caches/modules-2/files-2.1/net.minecraftforge/fmlcore/1.20.1-47.1.47/62b2f9c443dd74c21edf523fd3abfbac16bddacb/fmlcore-1.20.1-47.1.47.jar:/home/yarkin/.gradle/caches/modules-2/files-2.1/net.minecraftforge/fmlloader/1.20.1-47.1.47/68188b4f1c30c6a14cf491c7da7f38da41bc5722/fmlloader-1.20.1-47.1.47.jar:/home/yarkin/.gradle/caches/modules-2/files-2.1/net.minecraftforge/coremods/5.0.1/386b00279628b105b2d507539c46e134e96f6237/coremods-5.0.1.jar:/home/yarkin/.gradle/caches/modules-2/files-2.1/net.minecraftforge/forgespi/7.0.1/3b4972a0cdb135853dba219be61a79b22cff1309/forgespi-7.0.1.jar:/home/yarkin/.gradle/caches/modules-2/files-2.1/net.minecraftforge/accesstransformers/8.0.4/272d240aa73f42195b2a68e2ebd8b701ecf41f63/accesstransformers-8.0.4.jar:/home/yarkin/.gradle/caches/modules-2/files-2.1/net.minecraftforge/eventbus/6.0.5/699143dd438431d06b57416944f7cedbe52e1475/eventbus-6.0.5.jar:/home/yarkin/.gradle/caches/modules-2/files-2.1/cpw.mods/modlauncher/10.0.10/669e5b6e61e84eee06bfd5822c91800a2c9f5c0f/modlauncher-10.0.10.jar:/home/yarkin/.gradle/caches/modules-2/files-2.1/cpw.mods/securejarhandler/2.1.10/51e6a22c6c716beb11e244bf5b8be480f51dd6b5/securejarhandler-2.1.10.jar:/home/yarkin/.gradle/caches/modules-2/files-2.1/org.openjdk.nashorn/nashorn-core/15.3/43977e804697048fc8d81d333a36c17d07a5b3dd/nashorn-core-15.3.jar:/home/yarkin/.gradle/caches/modules-2/files-2.1/org.ow2.asm/asm-commons/9.5/19ab5b5800a3910d30d3a3e64fdb00fd0cb42de0/asm-commons-9.5.jar:/home/yarkin/.gradle/caches/modules-2/files-2.1/net.minecraftforge/mergetool/1.1.5/e31dad26696043b540681aabc93e2001a1a2cd44/mergetool-1.1.5.jar:/home/yarkin/.gradle/caches/modules-2/files-2.1/net.minecraftforge/mergetool/1.1.5/f3da18e12c696d35a47c82cbb2cc8b5aa15e1154/mergetool-1.1.5-api.jar:/home/yarkin/.gradle/caches/modules-2/files-2.1/org.ow2.asm/asm-util/9.5/64b5a1fc8c1b15ed2efd6a063e976bc8d3dc5ffe/asm-util-9.5.jar:/home/yarkin/.gradle/caches/modules-2/files-2.1/org.ow2.asm/asm-analysis/9.5/490bacc77de7cbc0be1a30bb3471072d705be4a4/asm-analysis-9.5.jar:/home/yarkin/.gradle/caches/modules-2/files-2.1/org.ow2.asm/asm-tree/9.5/fd33c8b6373abaa675be407082fdfda35021254a/asm-tree-9.5.jar:/home/yarkin/.gradle/caches/modules-2/files-2.1/org.ow2.asm/asm/9.5/dc6ea1875f4d64fbc85e1691c95b96a3d8569c90/asm-9.5.jar:/home/yarkin/.gradle/caches/modules-2/files-2.1/net.minecraftforge/JarJarFileSystems/0.3.19/2464eb7d6b9ddb9db36a82cf8a95193e5c6fe020/JarJarFileSystems-0.3.19.jar:/home/yarkin/.gradle/caches/modules-2/files-2.1/org.antlr/antlr4/4.9.1/e92af8ab33e428461927b484e90bb155a4f3a052/antlr4-4.9.1.jar:/home/yarkin/.gradle/caches/modules-2/files-2.1/org.antlr/antlr4-runtime/4.9.1/428664f05d2b7f7b7610204b5aa7c1763f62011a/antlr4-runtime-4.9.1.jar:/home/yarkin/.gradle/caches/modules-2/files-2.1/net.minecraftforge/unsafe/0.2.0/54d7a0a5e8fdb71b973025caa46f341ae5904f39/unsafe-0.2.0.jar:/home/yarkin/.gradle/caches/modules-2/files-2.1/com.electronwill.night-config/toml/3.6.4/51d6cefb2b55ee55ee26b16391212fb2c7dfb4f4/toml-3.6.4.jar:/home/yarkin/.gradle/caches/modules-2/files-2.1/com.electronwill.night-config/core/3.6.4/510f174abbf1c947494db50ef2445683bd52c230/core-3.6.4.jar:/home/yarkin/.gradle/caches/modules-2/files-2.1/net.minecraftforge/JarJarSelector/0.3.19/376cc9c8ea60720cf027c01fc033de915699801c/JarJarSelector-0.3.19.jar:/home/yarkin/.gradle/caches/modules-2/files-2.1/net.minecraftforge/JarJarMetadata/0.3.19/83feaa9b770e6ac0e96ee4fc23fa89325c5fe2/JarJarMetadata-0.3.19.jar:/home/yarkin/.gradle/caches/modules-2/files-2.1/org.apache.maven/maven-artifact/3.8.5/4433f50c07debefaed0553bd0068f4f48d449313/maven-artifact-3.8.5.jar:/home/yarkin/.gradle/caches/modules-2/files-2.1/net.jodah/typetools/0.6.3/a01aaa6ddaea9ec07ec4f209487b7a46a526283a/typetools-0.6.3.jar:/home/yarkin/.gradle/caches/modules-2/files-2.1/net.minecrell/terminalconsoleappender/1.2.0/96d02cd3b384ff015a8fef4223bcb4ccf1717c95/terminalconsoleappender-1.2.0.jar:/home/yarkin/.gradle/caches/modules-2/files-2.1/org.jline/jline-reader/3.12.1/4382ab1382c7b6f379377ed5f665dc2f6e1218bc/jline-reader-3.12.1.jar:/home/yarkin/.gradle/caches/modules-2/files-2.1/org.jline/jline-terminal/3.12.1/c777448314e050d980a6b697c140f3bfe9eb7416/jline-terminal-3.12.1.jar:/home/yarkin/.gradle/caches/modules-2/files-2.1/org.spongepowered/mixin/0.8.5/9d1c0c3a304ae6697ecd477218fa61b850bf57fc/mixin-0.8.5.jar:/home/yarkin/.gradle/caches/modules-2/files-2.1/com.github.oshi/oshi-core/6.2.2/54f5efc19bca95d709d9a37d19ffcbba3d21c1a6/oshi-core-6.2.2.jar:/home/yarkin/.gradle/caches/modules-2/files-2.1/com.google.code.gson/gson/2.10/dd9b193aef96e973d5a11ab13cd17430c2e4306b/gson-2.10.jar:/home/yarkin/.gradle/caches/modules-2/files-2.1/com.google.guava/guava/31.1-jre/60458f877d055d0c9114d9e1a2efb737b4bc282c/guava-31.1-jre.jar:/home/yarkin/.gradle/caches/modules-2/files-2.1/com.google.guava/failureaccess/1.0.1/1dcf1de382a0bf95a3d8b0849546c88bac1292c9/failureaccess-1.0.1.jar:/home/yarkin/.gradle/caches/modules-2/files-2.1/com.ibm.icu/icu4j/61.1/28d33b5e44e72edcc66a5da7a34a42147f38d987/icu4j-61.1.jar:/home/yarkin/.gradle/caches/modules-2/files-2.1/com.mojang/authlib/4.0.43/2ff9d747a77570a07a60d32ac77eb6162ad2a2d9/authlib-4.0.43.jar:/home/yarkin/.gradle/caches/modules-2/files-2.1/com.mojang/blocklist/1.0.10/5c685c5ffa94c4cd39496c7184c1d122e515ecef/blocklist-1.0.10.jar:/home/yarkin/.gradle/caches/modules-2/files-2.1/com.mojang/brigadier/1.1.8/5244ce82c3337bba4a196a3ce858bfaecc74404a/brigadier-1.1.8.jar:/home/yarkin/.gradle/caches/modules-2/files-2.1/com.mojang/datafixerupper/6.0.8/3ba4a30557a9b057760af4011f909ba619fc5125/datafixerupper-6.0.8.jar:/home/yarkin/.gradle/caches/modules-2/files-2.1/com.mojang/logging/1.1.1/832b8e6674a9b325a5175a3a6267dfaf34c85139/logging-1.1.1.jar:/home/yarkin/.gradle/caches/modules-2/files-2.1/com.mojang/patchy/2.2.10/da05971b07cbb379d002cf7eaec6a2048211fefc/patchy-2.2.10.jar:/home/yarkin/.gradle/caches/modules-2/files-2.1/com.mojang/text2speech/1.17.9/3cad216e3a7f0c19b4b394388bc9ffc446f13b14/text2speech-1.17.9.jar:/home/yarkin/.gradle/caches/modules-2/files-2.1/commons-codec/commons-codec/1.15/49d94806b6e3dc933dacbd8acb0fdbab8ebd1e5d/commons-codec-1.15.jar:/home/yarkin/.gradle/caches/modules-2/files-2.1/commons-io/commons-io/2.11.0/a2503f302b11ebde7ebc3df41daebe0e4eea3689/commons-io-2.11.0.jar:/home/yarkin/.gradle/caches/modules-2/files-2.1/commons-logging/commons-logging/1.2/4bfc12adfe4842bf07b657f0369c4cb522955686/commons-logging-1.2.jar:/home/yarkin/.gradle/caches/modules-2/files-2.1/io.netty/netty-buffer/4.1.82.Final/a544270cf1ae8b8077082f5036436a9a9971ea71/netty-buffer-4.1.82.Final.jar:/home/yarkin/.gradle/caches/modules-2/files-2.1/io.netty/netty-codec/4.1.82.Final/b77200379acb345a9ffdece1c605e591ac3e4e0a/netty-codec-4.1.82.Final.jar:/home/yarkin/.gradle/caches/modules-2/files-2.1/io.netty/netty-common/4.1.82.Final/22d148e85c3f5ebdacc0ce1f5aabb1d420f73f3/netty-common-4.1.82.Final.jar:/home/yarkin/.gradle/caches/modules-2/files-2.1/io.netty/netty-handler/4.1.82.Final/644041d1fa96a5d3130a29e8978630d716d76e38/netty-handler-4.1.82.Final.jar:/home/yarkin/.gradle/caches/modules-2/files-2.1/io.netty/netty-resolver/4.1.82.Final/38f665ae8dcd29032eea31245ba7806bed2e0fa8/netty-resolver-4.1.82.Final.jar:/home/yarkin/.gradle/caches/modules-2/files-2.1/io.netty/netty-transport-classes-epoll/4.1.82.Final/e7c7dd18deac93105797f30057c912651ea76521/netty-transport-classes-epoll-4.1.82.Final.jar:/home/yarkin/.gradle/caches/modules-2/files-2.1/io.netty/netty-transport-native-unix-common/4.1.82.Final/3e895b35ca1b8a0eca56cacff4c2dde5d2c6abce/netty-transport-native-unix-common-4.1.82.Final.jar:/home/yarkin/.gradle/caches/modules-2/files-2.1/io.netty/netty-transport/4.1.82.Final/e431a218d91acb6476ccad5f5aafde50aa3945ca/netty-transport-4.1.82.Final.jar:/home/yarkin/.gradle/caches/modules-2/files-2.1/it.unimi.dsi/fastutil/8.5.9/bb7ea75ecdb216654237830b3a96d87ad91f8cc5/fastutil-8.5.9.jar:/home/yarkin/.gradle/caches/modules-2/files-2.1/net.java.dev.jna/jna-platform/5.12.1/97406a297c852f4a41e688a176ec675f72e8329/jna-platform-5.12.1.jar:/home/yarkin/.gradle/caches/modules-2/files-2.1/net.java.dev.jna/jna/5.12.1/b1e93a735caea94f503e95e6fe79bf9cdc1e985d/jna-5.12.1.jar:/home/yarkin/.gradle/caches/modules-2/files-2.1/net.sf.jopt-simple/jopt-simple/5.0.4/4fdac2fbe92dfad86aa6e9301736f6b4342a3f5c/jopt-simple-5.0.4.jar:/home/yarkin/.gradle/caches/modules-2/files-2.1/org.apache.commons/commons-compress/1.21/4ec95b60d4e86b5c95a0e919cb172a0af98011ef/commons-compress-1.21.jar:/home/yarkin/.gradle/caches/modules-2/files-2.1/org.apache.commons/commons-lang3/3.12.0/c6842c86792ff03b9f1d1fe2aab8dc23aa6c6f0e/commons-lang3-3.12.0.jar:/home/yarkin/.gradle/caches/modules-2/files-2.1/org.apache.httpcomponents/httpclient/4.5.13/e5f6cae5ca7ecaac1ec2827a9e2d65ae2869cada/httpclient-4.5.13.jar:/home/yarkin/.gradle/caches/modules-2/files-2.1/org.apache.httpcomponents/httpcore/4.4.15/7f2e0c573eaa7a74bac2e89b359e1f73d92a0a1d/httpcore-4.4.15.jar:/home/yarkin/.gradle/caches/modules-2/files-2.1/org.apache.logging.log4j/log4j-core/2.19.0/3b6eeb4de4c49c0fe38a4ee27188ff5fee44d0bb/log4j-core-2.19.0.jar:/home/yarkin/.gradle/caches/modules-2/files-2.1/org.apache.logging.log4j/log4j-slf4j2-impl/2.19.0/5c04bfdd63ce9dceb2e284b81e96b6a70010ee10/log4j-slf4j2-impl-2.19.0.jar:/home/yarkin/.gradle/caches/modules-2/files-2.1/org.apache.logging.log4j/log4j-api/2.19.0/ea1b37f38c327596b216542bc636cfdc0b8036fa/log4j-api-2.19.0.jar:/home/yarkin/.gradle/caches/modules-2/files-2.1/org.joml/joml/1.10.5/22566d58af70ad3d72308bab63b8339906deb649/joml-1.10.5.jar:/home/yarkin/.gradle/caches/modules-2/files-2.1/org.lwjgl/lwjgl-glfw/3.3.1/cbac1b8d30cb4795149c1ef540f912671a8616d0/lwjgl-glfw-3.3.1.jar:/home/yarkin/.gradle/caches/modules-2/files-2.1/org.lwjgl/lwjgl-glfw/3.3.1/81716978214ecbda15050ca394b06ef61501a49e/lwjgl-glfw-3.3.1-natives-linux.jar:/home/yarkin/.gradle/caches/modules-2/files-2.1/org.lwjgl/lwjgl-jemalloc/3.3.1/a817bcf213db49f710603677457567c37d53e103/lwjgl-jemalloc-3.3.1.jar:/home/yarkin/.gradle/caches/modules-2/files-2.1/org.lwjgl/lwjgl-jemalloc/3.3.1/33dbb017b6ed6b25f993ad9d56741a49e7937718/lwjgl-jemalloc-3.3.1-natives-linux.jar:/home/yarkin/.gradle/caches/modules-2/files-2.1/org.lwjgl/lwjgl-openal/3.3.1/2623a6b8ae1dfcd880738656a9f0243d2e6840bd/lwjgl-openal-3.3.1.jar:/home/yarkin/.gradle/caches/modules-2/files-2.1/org.lwjgl/lwjgl-openal/3.3.1/f906b6439f6daa66001182ea7727e3467a93681b/lwjgl-openal-3.3.1-natives-linux.jar:/home/yarkin/.gradle/caches/modules-2/files-2.1/org.lwjgl/lwjgl-opengl/3.3.1/831a5533a21a5f4f81bbc51bb13e9899319b5411/lwjgl-opengl-3.3.1.jar:/home/yarkin/.gradle/caches/modules-2/files-2.1/org.lwjgl/lwjgl-opengl/3.3.1/ab9ab6fde3743e3550fa5d46d785ecb45b047d99/lwjgl-opengl-3.3.1-natives-linux.jar:/home/yarkin/.gradle/caches/modules-2/files-2.1/org.lwjgl/lwjgl-stb/3.3.1/b119297cf8ed01f247abe8685857f8e7fcf5980f/lwjgl-stb-3.3.1.jar:/home/yarkin/.gradle/caches/modules-2/files-2.1/org.lwjgl/lwjgl-stb/3.3.1/3ee7aec8686e52867677110415566a5342a80230/lwjgl-stb-3.3.1-natives-linux.jar:/home/yarkin/.gradle/caches/modules-2/files-2.1/org.lwjgl/lwjgl-tinyfd/3.3.1/ff1914111ef2e3e0110ef2dabc8d8cdaad82347/lwjgl-tinyfd-3.3.1.jar:/home/yarkin/.gradle/caches/modules-2/files-2.1/org.lwjgl/lwjgl-tinyfd/3.3.1/a35110b9471bea8cde826ab297550ee8c22f5035/lwjgl-tinyfd-3.3.1-natives-linux.jar:/home/yarkin/.gradle/caches/modules-2/files-2.1/org.lwjgl/lwjgl/3.3.1/ae58664f88e18a9bb2c77b063833ca7aaec484cb/lwjgl-3.3.1.jar:/home/yarkin/.gradle/caches/modules-2/files-2.1/org.lwjgl/lwjgl/3.3.1/1de885aba434f934201b99f2f1afb142036ac189/lwjgl-3.3.1-natives-linux.jar:/home/yarkin/.gradle/caches/modules-2/files-2.1/com.machinezoo.noexception/noexception/1.7.1/b65330c98e38a1f915fa54a6e5eca496505e3f0a/noexception-1.7.1.jar:/home/yarkin/.gradle/caches/modules-2/files-2.1/org.slf4j/slf4j-simple/1.7.30/e606eac955f55ecf1d8edcccba04eb8ac98088dd/slf4j-simple-1.7.30.jar:/home/yarkin/.gradle/caches/modules-2/files-2.1/org.slf4j/slf4j-api/2.0.0/82b150a36b504a09076b29c0509e31702c9c3999/slf4j-api-2.0.0.jar:/home/yarkin/.gradle/caches/modules-2/files-2.1/net.minecraftforge/srgutils/0.4.11/fbad1341ffdb47d276bbdc40ecb06da49e053e74/srgutils-0.4.11.jar:/home/yarkin/.gradle/caches/modules-2/files-2.1/org.codehaus.plexus/plexus-utils/3.3.0/cf43b5391de623b36fe066a21127baef82c64022/plexus-utils-3.3.0.jar:/home/yarkin/.gradle/caches/modules-2/files-2.1/io.netty/netty-transport-native-epoll/4.1.82.Final/476409d6255001ca53a55f65b01c13822f8dc93a/netty-transport-native-epoll-4.1.82.Final-linux-aarch_64.jar:/home/yarkin/.gradle/caches/modules-2/files-2.1/io.netty/netty-transport-native-epoll/4.1.82.Final/c7350a71920f3ae9142945e25fed4846cce53374/netty-transport-native-epoll-4.1.82.Final-linux-x86_64.jar:/home/yarkin/.gradle/caches/modules-2/files-2.1/com.google.guava/listenablefuture/9999.0-empty-to-avoid-conflict-with-guava/b421526c5f297295adef1c886e5246c39d4ac629/listenablefuture-9999.0-empty-to-avoid-conflict-with-guava.jar:/home/yarkin/.gradle/caches/modules-2/files-2.1/com.google.code.findbugs/jsr305/3.0.2/25ea2e8b0c338a877313bd4672d3fe056ea78f0d/jsr305-3.0.2.jar:/home/yarkin/.gradle/caches/modules-2/files-2.1/org.checkerframework/checker-qual/3.12.0/d5692f0526415fcc6de94bb5bfbd3afd9dd3b3e5/checker-qual-3.12.0.jar:/home/yarkin/.gradle/caches/modules-2/files-2.1/com.google.errorprone/error_prone_annotations/2.11.0/c5a0ace696d3f8b1c1d8cc036d8c03cc0cbe6b69/error_prone_annotations-2.11.0.jar:/home/yarkin/.gradle/caches/modules-2/files-2.1/com.google.j2objc/j2objc-annotations/1.3/ba035118bc8bac37d7eff77700720999acd9986d/j2objc-annotations-1.3.jar:/home/yarkin/.gradle/caches/modules-2/files-2.1/org.antlr/ST4/4.3/92f2c1ad8d84abcbeead6cf7f2c53a04166293c2/ST4-4.3.jar:/home/yarkin/.gradle/caches/modules-2/files-2.1/org.antlr/antlr-runtime/3.5.2/cd9cd41361c155f3af0f653009dcecb08d8b4afd/antlr-runtime-3.5.2.jar:/home/yarkin/.gradle/caches/modules-2/files-2.1/org.abego.treelayout/org.abego.treelayout.core/1.0.3/457216e8e6578099ae63667bb1e4439235892028/org.abego.treelayout.core-1.0.3.jar:/home/yarkin/.gradle/caches/modules-2/files-2.1/org.glassfish/javax.json/1.0.4/3178f73569fd7a1e5ffc464e680f7a8cc784b85a/javax.json-1.0.4.jar)
	at com.sun.jna.NativeLibrary.loadLibrary(NativeLibrary.java:307) ~[jna-5.12.1.jar:5.12.1 (b0)]
	at com.sun.jna.NativeLibrary.getInstance(NativeLibrary.java:467) ~[jna-5.12.1.jar:5.12.1 (b0)]
	at com.sun.jna.NativeLibrary.getInstance(NativeLibrary.java:409) ~[jna-5.12.1.jar:5.12.1 (b0)]
	at com.mojang.text2speech.NarratorLinux$FliteLibrary.loadNative(NarratorLinux.java:67) ~[text2speech-1.17.9.jar:?]
	... 26 more
	Suppressed: java.lang.UnsatisfiedLinkError: libflite.so: cannot open shared object file: No such file or directory
		at com.sun.jna.Native.open(Native Method) ~[jna-5.12.1.jar:5.12.1 (b0)]
		at com.sun.jna.NativeLibrary.loadLibrary(NativeLibrary.java:197) ~[jna-5.12.1.jar:5.12.1 (b0)]
		at com.sun.jna.NativeLibrary.getInstance(NativeLibrary.java:467) ~[jna-5.12.1.jar:5.12.1 (b0)]
		at com.sun.jna.NativeLibrary.getInstance(NativeLibrary.java:409) ~[jna-5.12.1.jar:5.12.1 (b0)]
		at com.mojang.text2speech.NarratorLinux$FliteLibrary.loadNative(NarratorLinux.java:67) ~[text2speech-1.17.9.jar:?]
		at com.mojang.text2speech.NarratorLinux.<init>(NarratorLinux.java:18) ~[text2speech-1.17.9.jar:?]
		at com.mojang.text2speech.Narrator.getNarrator(Narrator.java:41) ~[text2speech-1.17.9.jar:?]
		at net.minecraft.client.GameNarrator.<init>(GameNarrator.java:21) ~[forge-1.20.1-47.1.47.jar:?]
		at net.minecraft.client.Minecraft.<init>(Minecraft.java:568) ~[forge-1.20.1-47.1.47.jar:?]
		at net.minecraft.client.main.Main.main(Main.java:182) ~[forge-1.20.1-47.1.47.jar:?]
		at jdk.internal.reflect.NativeMethodAccessorImpl.invoke0(Native Method) ~[?:?]
		at jdk.internal.reflect.NativeMethodAccessorImpl.invoke(NativeMethodAccessorImpl.java:77) ~[?:?]
		at jdk.internal.reflect.DelegatingMethodAccessorImpl.invoke(DelegatingMethodAccessorImpl.java:43) ~[?:?]
		at java.lang.reflect.Method.invoke(Method.java:569) ~[?:?]
		at net.minecraftforge.fml.loading.targets.CommonLaunchHandler.runTarget(CommonLaunchHandler.java:111) ~[fmlloader-1.20.1-47.1.47.jar:?]
		at net.minecraftforge.fml.loading.targets.CommonLaunchHandler.clientService(CommonLaunchHandler.java:99) ~[fmlloader-1.20.1-47.1.47.jar:?]
		at net.minecraftforge.fml.loading.targets.ForgeClientUserdevLaunchHandler.devService(ForgeClientUserdevLaunchHandler.java:19) ~[fmlloader-1.20.1-47.1.47.jar:?]
		at net.minecraftforge.fml.loading.targets.CommonDevLaunchHandler.lambda$makeService$7(CommonDevLaunchHandler.java:135) ~[fmlloader-1.20.1-47.1.47.jar:?]
		at cpw.mods.modlauncher.LaunchServiceHandlerDecorator.launch(LaunchServiceHandlerDecorator.java:30) ~[modlauncher-10.0.10.jar:?]
		at cpw.mods.modlauncher.LaunchServiceHandler.launch(LaunchServiceHandler.java:53) ~[modlauncher-10.0.10.jar:?]
		at cpw.mods.modlauncher.LaunchServiceHandler.launch(LaunchServiceHandler.java:71) ~[modlauncher-10.0.10.jar:?]
		at cpw.mods.modlauncher.Launcher.run(Launcher.java:108) ~[modlauncher-10.0.10.jar:?]
		at cpw.mods.modlauncher.Launcher.main(Launcher.java:78) ~[modlauncher-10.0.10.jar:?]
		at cpw.mods.modlauncher.BootstrapLaunchConsumer.accept(BootstrapLaunchConsumer.java:26) ~[modlauncher-10.0.10.jar:?]
		at cpw.mods.modlauncher.BootstrapLaunchConsumer.accept(BootstrapLaunchConsumer.java:23) ~[modlauncher-10.0.10.jar:?]
		at cpw.mods.bootstraplauncher.BootstrapLauncher.main(BootstrapLauncher.java:141) ~[bootstraplauncher-1.1.2.jar:?]
		at jdk.internal.reflect.NativeMethodAccessorImpl.invoke0(Native Method) ~[?:?]
		at jdk.internal.reflect.NativeMethodAccessorImpl.invoke(NativeMethodAccessorImpl.java:77) ~[?:?]
		at jdk.internal.reflect.DelegatingMethodAccessorImpl.invoke(DelegatingMethodAccessorImpl.java:43) ~[?:?]
		at java.lang.reflect.Method.invoke(Method.java:569) ~[?:?]
		at net.neoforged.devlaunch.Main.main(Main.java:55) ~[?:?]
	Suppressed: java.lang.UnsatisfiedLinkError: libflite.so: cannot open shared object file: No such file or directory
		at com.sun.jna.Native.open(Native Method) ~[jna-5.12.1.jar:5.12.1 (b0)]
		at com.sun.jna.NativeLibrary.loadLibrary(NativeLibrary.java:210) ~[jna-5.12.1.jar:5.12.1 (b0)]
		at com.sun.jna.NativeLibrary.getInstance(NativeLibrary.java:467) ~[jna-5.12.1.jar:5.12.1 (b0)]
		at com.sun.jna.NativeLibrary.getInstance(NativeLibrary.java:409) ~[jna-5.12.1.jar:5.12.1 (b0)]
		at com.mojang.text2speech.NarratorLinux$FliteLibrary.loadNative(NarratorLinux.java:67) ~[text2speech-1.17.9.jar:?]
		at com.mojang.text2speech.NarratorLinux.<init>(NarratorLinux.java:18) ~[text2speech-1.17.9.jar:?]
		at com.mojang.text2speech.Narrator.getNarrator(Narrator.java:41) ~[text2speech-1.17.9.jar:?]
		at net.minecraft.client.GameNarrator.<init>(GameNarrator.java:21) ~[forge-1.20.1-47.1.47.jar:?]
		at net.minecraft.client.Minecraft.<init>(Minecraft.java:568) ~[forge-1.20.1-47.1.47.jar:?]
		at net.minecraft.client.main.Main.main(Main.java:182) ~[forge-1.20.1-47.1.47.jar:?]
		at jdk.internal.reflect.NativeMethodAccessorImpl.invoke0(Native Method) ~[?:?]
		at jdk.internal.reflect.NativeMethodAccessorImpl.invoke(NativeMethodAccessorImpl.java:77) ~[?:?]
		at jdk.internal.reflect.DelegatingMethodAccessorImpl.invoke(DelegatingMethodAccessorImpl.java:43) ~[?:?]
		at java.lang.reflect.Method.invoke(Method.java:569) ~[?:?]
		at net.minecraftforge.fml.loading.targets.CommonLaunchHandler.runTarget(CommonLaunchHandler.java:111) ~[fmlloader-1.20.1-47.1.47.jar:?]
		at net.minecraftforge.fml.loading.targets.CommonLaunchHandler.clientService(CommonLaunchHandler.java:99) ~[fmlloader-1.20.1-47.1.47.jar:?]
		at net.minecraftforge.fml.loading.targets.ForgeClientUserdevLaunchHandler.devService(ForgeClientUserdevLaunchHandler.java:19) ~[fmlloader-1.20.1-47.1.47.jar:?]
		at net.minecraftforge.fml.loading.targets.CommonDevLaunchHandler.lambda$makeService$7(CommonDevLaunchHandler.java:135) ~[fmlloader-1.20.1-47.1.47.jar:?]
		at cpw.mods.modlauncher.LaunchServiceHandlerDecorator.launch(LaunchServiceHandlerDecorator.java:30) ~[modlauncher-10.0.10.jar:?]
		at cpw.mods.modlauncher.LaunchServiceHandler.launch(LaunchServiceHandler.java:53) ~[modlauncher-10.0.10.jar:?]
		at cpw.mods.modlauncher.LaunchServiceHandler.launch(LaunchServiceHandler.java:71) ~[modlauncher-10.0.10.jar:?]
		at cpw.mods.modlauncher.Launcher.run(Launcher.java:108) ~[modlauncher-10.0.10.jar:?]
		at cpw.mods.modlauncher.Launcher.main(Launcher.java:78) ~[modlauncher-10.0.10.jar:?]
		at cpw.mods.modlauncher.BootstrapLaunchConsumer.accept(BootstrapLaunchConsumer.java:26) ~[modlauncher-10.0.10.jar:?]
		at cpw.mods.modlauncher.BootstrapLaunchConsumer.accept(BootstrapLaunchConsumer.java:23) ~[modlauncher-10.0.10.jar:?]
		at cpw.mods.bootstraplauncher.BootstrapLauncher.main(BootstrapLauncher.java:141) ~[bootstraplauncher-1.1.2.jar:?]
		at jdk.internal.reflect.NativeMethodAccessorImpl.invoke0(Native Method) ~[?:?]
		at jdk.internal.reflect.NativeMethodAccessorImpl.invoke(NativeMethodAccessorImpl.java:77) ~[?:?]
		at jdk.internal.reflect.DelegatingMethodAccessorImpl.invoke(DelegatingMethodAccessorImpl.java:43) ~[?:?]
		at java.lang.reflect.Method.invoke(Method.java:569) ~[?:?]
		at net.neoforged.devlaunch.Main.main(Main.java:55) ~[?:?]
	Suppressed: java.io.IOException: Native library (linux-x86-64/libflite.so) not found in resource path (/home/yarkin/git/Beastarium/forge/build/classes/java/main:/home/yarkin/git/Beastarium/forge/build/resources/main:/home/yarkin/git/Beastarium/forge/build/moddev/artifacts/forge-1.20.1-47.1.47.jar:/home/yarkin/git/Beastarium/forge/build/moddev/artifacts/client-extra-1.20.1-47.1.47.jar:/home/yarkin/git/Beastarium/forge/build/moddev/artifacts/intermediateToNamed.zip:/home/yarkin/.gradle/caches/modules-2/files-2.1/net.neoforged/DevLaunch/1.0.1/48617810523f426d42430867894faa7fe1b933dd/DevLaunch-1.0.1.jar:/home/yarkin/.gradle/caches/modules-2/resources-2.1/38/c7d29380ddb38becad7c0819b5b325e43bca23f0/mcp_config-1.20.1.zip:/home/yarkin/.gradle/caches/modules-2/files-2.1/cpw.mods/bootstraplauncher/1.1.2/c546e00443d8432cda6baa1c860346980742628/bootstraplauncher-1.1.2.jar:/home/yarkin/.gradle/caches/modules-2/files-2.1/net.minecraftforge/fmlearlydisplay/1.20.1-47.1.47/b2b9a41bed58b24f27b4d7852cfaff69d675d489/fmlearlydisplay-1.20.1-47.1.47.jar:/home/yarkin/.gradle/caches/modules-2/files-2.1/net.minecraftforge/javafmllanguage/1.20.1-47.1.47/57b4103e32ac0f74b33e704bfe2b9df1c6200edf/javafmllanguage-1.20.1-47.1.47.jar:/home/yarkin/.gradle/caches/modules-2/files-2.1/net.minecraftforge/lowcodelanguage/1.20.1-47.1.47/5f3513af8ed4fcab2417c15251cf201d688533a6/lowcodelanguage-1.20.1-47.1.47.jar:/home/yarkin/.gradle/caches/modules-2/files-2.1/net.minecraftforge/mclanguage/1.20.1-47.1.47/ebc707d73d74451493fb5b5252dc6cf6b1bf1795/mclanguage-1.20.1-47.1.47.jar:/home/yarkin/.gradle/caches/modules-2/files-2.1/net.minecraftforge/fmlcore/1.20.1-47.1.47/62b2f9c443dd74c21edf523fd3abfbac16bddacb/fmlcore-1.20.1-47.1.47.jar:/home/yarkin/.gradle/caches/modules-2/files-2.1/net.minecraftforge/fmlloader/1.20.1-47.1.47/68188b4f1c30c6a14cf491c7da7f38da41bc5722/fmlloader-1.20.1-47.1.47.jar:/home/yarkin/.gradle/caches/modules-2/files-2.1/net.minecraftforge/coremods/5.0.1/386b00279628b105b2d507539c46e134e96f6237/coremods-5.0.1.jar:/home/yarkin/.gradle/caches/modules-2/files-2.1/net.minecraftforge/forgespi/7.0.1/3b4972a0cdb135853dba219be61a79b22cff1309/forgespi-7.0.1.jar:/home/yarkin/.gradle/caches/modules-2/files-2.1/net.minecraftforge/accesstransformers/8.0.4/272d240aa73f42195b2a68e2ebd8b701ecf41f63/accesstransformers-8.0.4.jar:/home/yarkin/.gradle/caches/modules-2/files-2.1/net.minecraftforge/eventbus/6.0.5/699143dd438431d06b57416944f7cedbe52e1475/eventbus-6.0.5.jar:/home/yarkin/.gradle/caches/modules-2/files-2.1/cpw.mods/modlauncher/10.0.10/669e5b6e61e84eee06bfd5822c91800a2c9f5c0f/modlauncher-10.0.10.jar:/home/yarkin/.gradle/caches/modules-2/files-2.1/cpw.mods/securejarhandler/2.1.10/51e6a22c6c716beb11e244bf5b8be480f51dd6b5/securejarhandler-2.1.10.jar:/home/yarkin/.gradle/caches/modules-2/files-2.1/org.openjdk.nashorn/nashorn-core/15.3/43977e804697048fc8d81d333a36c17d07a5b3dd/nashorn-core-15.3.jar:/home/yarkin/.gradle/caches/modules-2/files-2.1/org.ow2.asm/asm-commons/9.5/19ab5b5800a3910d30d3a3e64fdb00fd0cb42de0/asm-commons-9.5.jar:/home/yarkin/.gradle/caches/modules-2/files-2.1/net.minecraftforge/mergetool/1.1.5/e31dad26696043b540681aabc93e2001a1a2cd44/mergetool-1.1.5.jar:/home/yarkin/.gradle/caches/modules-2/files-2.1/net.minecraftforge/mergetool/1.1.5/f3da18e12c696d35a47c82cbb2cc8b5aa15e1154/mergetool-1.1.5-api.jar:/home/yarkin/.gradle/caches/modules-2/files-2.1/org.ow2.asm/asm-util/9.5/64b5a1fc8c1b15ed2efd6a063e976bc8d3dc5ffe/asm-util-9.5.jar:/home/yarkin/.gradle/caches/modules-2/files-2.1/org.ow2.asm/asm-analysis/9.5/490bacc77de7cbc0be1a30bb3471072d705be4a4/asm-analysis-9.5.jar:/home/yarkin/.gradle/caches/modules-2/files-2.1/org.ow2.asm/asm-tree/9.5/fd33c8b6373abaa675be407082fdfda35021254a/asm-tree-9.5.jar:/home/yarkin/.gradle/caches/modules-2/files-2.1/org.ow2.asm/asm/9.5/dc6ea1875f4d64fbc85e1691c95b96a3d8569c90/asm-9.5.jar:/home/yarkin/.gradle/caches/modules-2/files-2.1/net.minecraftforge/JarJarFileSystems/0.3.19/2464eb7d6b9ddb9db36a82cf8a95193e5c6fe020/JarJarFileSystems-0.3.19.jar:/home/yarkin/.gradle/caches/modules-2/files-2.1/org.antlr/antlr4/4.9.1/e92af8ab33e428461927b484e90bb155a4f3a052/antlr4-4.9.1.jar:/home/yarkin/.gradle/caches/modules-2/files-2.1/org.antlr/antlr4-runtime/4.9.1/428664f05d2b7f7b7610204b5aa7c1763f62011a/antlr4-runtime-4.9.1.jar:/home/yarkin/.gradle/caches/modules-2/files-2.1/net.minecraftforge/unsafe/0.2.0/54d7a0a5e8fdb71b973025caa46f341ae5904f39/unsafe-0.2.0.jar:/home/yarkin/.gradle/caches/modules-2/files-2.1/com.electronwill.night-config/toml/3.6.4/51d6cefb2b55ee55ee26b16391212fb2c7dfb4f4/toml-3.6.4.jar:/home/yarkin/.gradle/caches/modules-2/files-2.1/com.electronwill.night-config/core/3.6.4/510f174abbf1c947494db50ef2445683bd52c230/core-3.6.4.jar:/home/yarkin/.gradle/caches/modules-2/files-2.1/net.minecraftforge/JarJarSelector/0.3.19/376cc9c8ea60720cf027c01fc033de915699801c/JarJarSelector-0.3.19.jar:/home/yarkin/.gradle/caches/modules-2/files-2.1/net.minecraftforge/JarJarMetadata/0.3.19/83feaa9b770e6ac0e96ee4fc23fa89325c5fe2/JarJarMetadata-0.3.19.jar:/home/yarkin/.gradle/caches/modules-2/files-2.1/org.apache.maven/maven-artifact/3.8.5/4433f50c07debefaed0553bd0068f4f48d449313/maven-artifact-3.8.5.jar:/home/yarkin/.gradle/caches/modules-2/files-2.1/net.jodah/typetools/0.6.3/a01aaa6ddaea9ec07ec4f209487b7a46a526283a/typetools-0.6.3.jar:/home/yarkin/.gradle/caches/modules-2/files-2.1/net.minecrell/terminalconsoleappender/1.2.0/96d02cd3b384ff015a8fef4223bcb4ccf1717c95/terminalconsoleappender-1.2.0.jar:/home/yarkin/.gradle/caches/modules-2/files-2.1/org.jline/jline-reader/3.12.1/4382ab1382c7b6f379377ed5f665dc2f6e1218bc/jline-reader-3.12.1.jar:/home/yarkin/.gradle/caches/modules-2/files-2.1/org.jline/jline-terminal/3.12.1/c777448314e050d980a6b697c140f3bfe9eb7416/jline-terminal-3.12.1.jar:/home/yarkin/.gradle/caches/modules-2/files-2.1/org.spongepowered/mixin/0.8.5/9d1c0c3a304ae6697ecd477218fa61b850bf57fc/mixin-0.8.5.jar:/home/yarkin/.gradle/caches/modules-2/files-2.1/com.github.oshi/oshi-core/6.2.2/54f5efc19bca95d709d9a37d19ffcbba3d21c1a6/oshi-core-6.2.2.jar:/home/yarkin/.gradle/caches/modules-2/files-2.1/com.google.code.gson/gson/2.10/dd9b193aef96e973d5a11ab13cd17430c2e4306b/gson-2.10.jar:/home/yarkin/.gradle/caches/modules-2/files-2.1/com.google.guava/guava/31.1-jre/60458f877d055d0c9114d9e1a2efb737b4bc282c/guava-31.1-jre.jar:/home/yarkin/.gradle/caches/modules-2/files-2.1/com.google.guava/failureaccess/1.0.1/1dcf1de382a0bf95a3d8b0849546c88bac1292c9/failureaccess-1.0.1.jar:/home/yarkin/.gradle/caches/modules-2/files-2.1/com.ibm.icu/icu4j/61.1/28d33b5e44e72edcc66a5da7a34a42147f38d987/icu4j-61.1.jar:/home/yarkin/.gradle/caches/modules-2/files-2.1/com.mojang/authlib/4.0.43/2ff9d747a77570a07a60d32ac77eb6162ad2a2d9/authlib-4.0.43.jar:/home/yarkin/.gradle/caches/modules-2/files-2.1/com.mojang/blocklist/1.0.10/5c685c5ffa94c4cd39496c7184c1d122e515ecef/blocklist-1.0.10.jar:/home/yarkin/.gradle/caches/modules-2/files-2.1/com.mojang/brigadier/1.1.8/5244ce82c3337bba4a196a3ce858bfaecc74404a/brigadier-1.1.8.jar:/home/yarkin/.gradle/caches/modules-2/files-2.1/com.mojang/datafixerupper/6.0.8/3ba4a30557a9b057760af4011f909ba619fc5125/datafixerupper-6.0.8.jar:/home/yarkin/.gradle/caches/modules-2/files-2.1/com.mojang/logging/1.1.1/832b8e6674a9b325a5175a3a6267dfaf34c85139/logging-1.1.1.jar:/home/yarkin/.gradle/caches/modules-2/files-2.1/com.mojang/patchy/2.2.10/da05971b07cbb379d002cf7eaec6a2048211fefc/patchy-2.2.10.jar:/home/yarkin/.gradle/caches/modules-2/files-2.1/com.mojang/text2speech/1.17.9/3cad216e3a7f0c19b4b394388bc9ffc446f13b14/text2speech-1.17.9.jar:/home/yarkin/.gradle/caches/modules-2/files-2.1/commons-codec/commons-codec/1.15/49d94806b6e3dc933dacbd8acb0fdbab8ebd1e5d/commons-codec-1.15.jar:/home/yarkin/.gradle/caches/modules-2/files-2.1/commons-io/commons-io/2.11.0/a2503f302b11ebde7ebc3df41daebe0e4eea3689/commons-io-2.11.0.jar:/home/yarkin/.gradle/caches/modules-2/files-2.1/commons-logging/commons-logging/1.2/4bfc12adfe4842bf07b657f0369c4cb522955686/commons-logging-1.2.jar:/home/yarkin/.gradle/caches/modules-2/files-2.1/io.netty/netty-buffer/4.1.82.Final/a544270cf1ae8b8077082f5036436a9a9971ea71/netty-buffer-4.1.82.Final.jar:/home/yarkin/.gradle/caches/modules-2/files-2.1/io.netty/netty-codec/4.1.82.Final/b77200379acb345a9ffdece1c605e591ac3e4e0a/netty-codec-4.1.82.Final.jar:/home/yarkin/.gradle/caches/modules-2/files-2.1/io.netty/netty-common/4.1.82.Final/22d148e85c3f5ebdacc0ce1f5aabb1d420f73f3/netty-common-4.1.82.Final.jar:/home/yarkin/.gradle/caches/modules-2/files-2.1/io.netty/netty-handler/4.1.82.Final/644041d1fa96a5d3130a29e8978630d716d76e38/netty-handler-4.1.82.Final.jar:/home/yarkin/.gradle/caches/modules-2/files-2.1/io.netty/netty-resolver/4.1.82.Final/38f665ae8dcd29032eea31245ba7806bed2e0fa8/netty-resolver-4.1.82.Final.jar:/home/yarkin/.gradle/caches/modules-2/files-2.1/io.netty/netty-transport-classes-epoll/4.1.82.Final/e7c7dd18deac93105797f30057c912651ea76521/netty-transport-classes-epoll-4.1.82.Final.jar:/home/yarkin/.gradle/caches/modules-2/files-2.1/io.netty/netty-transport-native-unix-common/4.1.82.Final/3e895b35ca1b8a0eca56cacff4c2dde5d2c6abce/netty-transport-native-unix-common-4.1.82.Final.jar:/home/yarkin/.gradle/caches/modules-2/files-2.1/io.netty/netty-transport/4.1.82.Final/e431a218d91acb6476ccad5f5aafde50aa3945ca/netty-transport-4.1.82.Final.jar:/home/yarkin/.gradle/caches/modules-2/files-2.1/it.unimi.dsi/fastutil/8.5.9/bb7ea75ecdb216654237830b3a96d87ad91f8cc5/fastutil-8.5.9.jar:/home/yarkin/.gradle/caches/modules-2/files-2.1/net.java.dev.jna/jna-platform/5.12.1/97406a297c852f4a41e688a176ec675f72e8329/jna-platform-5.12.1.jar:/home/yarkin/.gradle/caches/modules-2/files-2.1/net.java.dev.jna/jna/5.12.1/b1e93a735caea94f503e95e6fe79bf9cdc1e985d/jna-5.12.1.jar:/home/yarkin/.gradle/caches/modules-2/files-2.1/net.sf.jopt-simple/jopt-simple/5.0.4/4fdac2fbe92dfad86aa6e9301736f6b4342a3f5c/jopt-simple-5.0.4.jar:/home/yarkin/.gradle/caches/modules-2/files-2.1/org.apache.commons/commons-compress/1.21/4ec95b60d4e86b5c95a0e919cb172a0af98011ef/commons-compress-1.21.jar:/home/yarkin/.gradle/caches/modules-2/files-2.1/org.apache.commons/commons-lang3/3.12.0/c6842c86792ff03b9f1d1fe2aab8dc23aa6c6f0e/commons-lang3-3.12.0.jar:/home/yarkin/.gradle/caches/modules-2/files-2.1/org.apache.httpcomponents/httpclient/4.5.13/e5f6cae5ca7ecaac1ec2827a9e2d65ae2869cada/httpclient-4.5.13.jar:/home/yarkin/.gradle/caches/modules-2/files-2.1/org.apache.httpcomponents/httpcore/4.4.15/7f2e0c573eaa7a74bac2e89b359e1f73d92a0a1d/httpcore-4.4.15.jar:/home/yarkin/.gradle/caches/modules-2/files-2.1/org.apache.logging.log4j/log4j-core/2.19.0/3b6eeb4de4c49c0fe38a4ee27188ff5fee44d0bb/log4j-core-2.19.0.jar:/home/yarkin/.gradle/caches/modules-2/files-2.1/org.apache.logging.log4j/log4j-slf4j2-impl/2.19.0/5c04bfdd63ce9dceb2e284b81e96b6a70010ee10/log4j-slf4j2-impl-2.19.0.jar:/home/yarkin/.gradle/caches/modules-2/files-2.1/org.apache.logging.log4j/log4j-api/2.19.0/ea1b37f38c327596b216542bc636cfdc0b8036fa/log4j-api-2.19.0.jar:/home/yarkin/.gradle/caches/modules-2/files-2.1/org.joml/joml/1.10.5/22566d58af70ad3d72308bab63b8339906deb649/joml-1.10.5.jar:/home/yarkin/.gradle/caches/modules-2/files-2.1/org.lwjgl/lwjgl-glfw/3.3.1/cbac1b8d30cb4795149c1ef540f912671a8616d0/lwjgl-glfw-3.3.1.jar:/home/yarkin/.gradle/caches/modules-2/files-2.1/org.lwjgl/lwjgl-glfw/3.3.1/81716978214ecbda15050ca394b06ef61501a49e/lwjgl-glfw-3.3.1-natives-linux.jar:/home/yarkin/.gradle/caches/modules-2/files-2.1/org.lwjgl/lwjgl-jemalloc/3.3.1/a817bcf213db49f710603677457567c37d53e103/lwjgl-jemalloc-3.3.1.jar:/home/yarkin/.gradle/caches/modules-2/files-2.1/org.lwjgl/lwjgl-jemalloc/3.3.1/33dbb017b6ed6b25f993ad9d56741a49e7937718/lwjgl-jemalloc-3.3.1-natives-linux.jar:/home/yarkin/.gradle/caches/modules-2/files-2.1/org.lwjgl/lwjgl-openal/3.3.1/2623a6b8ae1dfcd880738656a9f0243d2e6840bd/lwjgl-openal-3.3.1.jar:/home/yarkin/.gradle/caches/modules-2/files-2.1/org.lwjgl/lwjgl-openal/3.3.1/f906b6439f6daa66001182ea7727e3467a93681b/lwjgl-openal-3.3.1-natives-linux.jar:/home/yarkin/.gradle/caches/modules-2/files-2.1/org.lwjgl/lwjgl-opengl/3.3.1/831a5533a21a5f4f81bbc51bb13e9899319b5411/lwjgl-opengl-3.3.1.jar:/home/yarkin/.gradle/caches/modules-2/files-2.1/org.lwjgl/lwjgl-opengl/3.3.1/ab9ab6fde3743e3550fa5d46d785ecb45b047d99/lwjgl-opengl-3.3.1-natives-linux.jar:/home/yarkin/.gradle/caches/modules-2/files-2.1/org.lwjgl/lwjgl-stb/3.3.1/b119297cf8ed01f247abe8685857f8e7fcf5980f/lwjgl-stb-3.3.1.jar:/home/yarkin/.gradle/caches/modules-2/files-2.1/org.lwjgl/lwjgl-stb/3.3.1/3ee7aec8686e52867677110415566a5342a80230/lwjgl-stb-3.3.1-natives-linux.jar:/home/yarkin/.gradle/caches/modules-2/files-2.1/org.lwjgl/lwjgl-tinyfd/3.3.1/ff1914111ef2e3e0110ef2dabc8d8cdaad82347/lwjgl-tinyfd-3.3.1.jar:/home/yarkin/.gradle/caches/modules-2/files-2.1/org.lwjgl/lwjgl-tinyfd/3.3.1/a35110b9471bea8cde826ab297550ee8c22f5035/lwjgl-tinyfd-3.3.1-natives-linux.jar:/home/yarkin/.gradle/caches/modules-2/files-2.1/org.lwjgl/lwjgl/3.3.1/ae58664f88e18a9bb2c77b063833ca7aaec484cb/lwjgl-3.3.1.jar:/home/yarkin/.gradle/caches/modules-2/files-2.1/org.lwjgl/lwjgl/3.3.1/1de885aba434f934201b99f2f1afb142036ac189/lwjgl-3.3.1-natives-linux.jar:/home/yarkin/.gradle/caches/modules-2/files-2.1/com.machinezoo.noexception/noexception/1.7.1/b65330c98e38a1f915fa54a6e5eca496505e3f0a/noexception-1.7.1.jar:/home/yarkin/.gradle/caches/modules-2/files-2.1/org.slf4j/slf4j-simple/1.7.30/e606eac955f55ecf1d8edcccba04eb8ac98088dd/slf4j-simple-1.7.30.jar:/home/yarkin/.gradle/caches/modules-2/files-2.1/org.slf4j/slf4j-api/2.0.0/82b150a36b504a09076b29c0509e31702c9c3999/slf4j-api-2.0.0.jar:/home/yarkin/.gradle/caches/modules-2/files-2.1/net.minecraftforge/srgutils/0.4.11/fbad1341ffdb47d276bbdc40ecb06da49e053e74/srgutils-0.4.11.jar:/home/yarkin/.gradle/caches/modules-2/files-2.1/org.codehaus.plexus/plexus-utils/3.3.0/cf43b5391de623b36fe066a21127baef82c64022/plexus-utils-3.3.0.jar:/home/yarkin/.gradle/caches/modules-2/files-2.1/io.netty/netty-transport-native-epoll/4.1.82.Final/476409d6255001ca53a55f65b01c13822f8dc93a/netty-transport-native-epoll-4.1.82.Final-linux-aarch_64.jar:/home/yarkin/.gradle/caches/modules-2/files-2.1/io.netty/netty-transport-native-epoll/4.1.82.Final/c7350a71920f3ae9142945e25fed4846cce53374/netty-transport-native-epoll-4.1.82.Final-linux-x86_64.jar:/home/yarkin/.gradle/caches/modules-2/files-2.1/com.google.guava/listenablefuture/9999.0-empty-to-avoid-conflict-with-guava/b421526c5f297295adef1c886e5246c39d4ac629/listenablefuture-9999.0-empty-to-avoid-conflict-with-guava.jar:/home/yarkin/.gradle/caches/modules-2/files-2.1/com.google.code.findbugs/jsr305/3.0.2/25ea2e8b0c338a877313bd4672d3fe056ea78f0d/jsr305-3.0.2.jar:/home/yarkin/.gradle/caches/modules-2/files-2.1/org.checkerframework/checker-qual/3.12.0/d5692f0526415fcc6de94bb5bfbd3afd9dd3b3e5/checker-qual-3.12.0.jar:/home/yarkin/.gradle/caches/modules-2/files-2.1/com.google.errorprone/error_prone_annotations/2.11.0/c5a0ace696d3f8b1c1d8cc036d8c03cc0cbe6b69/error_prone_annotations-2.11.0.jar:/home/yarkin/.gradle/caches/modules-2/files-2.1/com.google.j2objc/j2objc-annotations/1.3/ba035118bc8bac37d7eff77700720999acd9986d/j2objc-annotations-1.3.jar:/home/yarkin/.gradle/caches/modules-2/files-2.1/org.antlr/ST4/4.3/92f2c1ad8d84abcbeead6cf7f2c53a04166293c2/ST4-4.3.jar:/home/yarkin/.gradle/caches/modules-2/files-2.1/org.antlr/antlr-runtime/3.5.2/cd9cd41361c155f3af0f653009dcecb08d8b4afd/antlr-runtime-3.5.2.jar:/home/yarkin/.gradle/caches/modules-2/files-2.1/org.abego.treelayout/org.abego.treelayout.core/1.0.3/457216e8e6578099ae63667bb1e4439235892028/org.abego.treelayout.core-1.0.3.jar:/home/yarkin/.gradle/caches/modules-2/files-2.1/org.glassfish/javax.json/1.0.4/3178f73569fd7a1e5ffc464e680f7a8cc784b85a/javax.json-1.0.4.jar)
		at com.sun.jna.Native.extractFromResourcePath(Native.java:1145) ~[jna-5.12.1.jar:5.12.1 (b0)]
		at com.sun.jna.NativeLibrary.loadLibrary(NativeLibrary.java:281) ~[jna-5.12.1.jar:5.12.1 (b0)]
		at com.sun.jna.NativeLibrary.getInstance(NativeLibrary.java:467) ~[jna-5.12.1.jar:5.12.1 (b0)]
		at com.sun.jna.NativeLibrary.getInstance(NativeLibrary.java:409) ~[jna-5.12.1.jar:5.12.1 (b0)]
		at com.mojang.text2speech.NarratorLinux$FliteLibrary.loadNative(NarratorLinux.java:67) ~[text2speech-1.17.9.jar:?]
		at com.mojang.text2speech.NarratorLinux.<init>(NarratorLinux.java:18) ~[text2speech-1.17.9.jar:?]
		at com.mojang.text2speech.Narrator.getNarrator(Narrator.java:41) ~[text2speech-1.17.9.jar:?]
		at net.minecraft.client.GameNarrator.<init>(GameNarrator.java:21) ~[forge-1.20.1-47.1.47.jar:?]
		at net.minecraft.client.Minecraft.<init>(Minecraft.java:568) ~[forge-1.20.1-47.1.47.jar:?]
		at net.minecraft.client.main.Main.main(Main.java:182) ~[forge-1.20.1-47.1.47.jar:?]
		at jdk.internal.reflect.NativeMethodAccessorImpl.invoke0(Native Method) ~[?:?]
		at jdk.internal.reflect.NativeMethodAccessorImpl.invoke(NativeMethodAccessorImpl.java:77) ~[?:?]
		at jdk.internal.reflect.DelegatingMethodAccessorImpl.invoke(DelegatingMethodAccessorImpl.java:43) ~[?:?]
		at java.lang.reflect.Method.invoke(Method.java:569) ~[?:?]
		at net.minecraftforge.fml.loading.targets.CommonLaunchHandler.runTarget(CommonLaunchHandler.java:111) ~[fmlloader-1.20.1-47.1.47.jar:?]
		at net.minecraftforge.fml.loading.targets.CommonLaunchHandler.clientService(CommonLaunchHandler.java:99) ~[fmlloader-1.20.1-47.1.47.jar:?]
		at net.minecraftforge.fml.loading.targets.ForgeClientUserdevLaunchHandler.devService(ForgeClientUserdevLaunchHandler.java:19) ~[fmlloader-1.20.1-47.1.47.jar:?]
		at net.minecraftforge.fml.loading.targets.CommonDevLaunchHandler.lambda$makeService$7(CommonDevLaunchHandler.java:135) ~[fmlloader-1.20.1-47.1.47.jar:?]
		at cpw.mods.modlauncher.LaunchServiceHandlerDecorator.launch(LaunchServiceHandlerDecorator.java:30) ~[modlauncher-10.0.10.jar:?]
		at cpw.mods.modlauncher.LaunchServiceHandler.launch(LaunchServiceHandler.java:53) ~[modlauncher-10.0.10.jar:?]
		at cpw.mods.modlauncher.LaunchServiceHandler.launch(LaunchServiceHandler.java:71) ~[modlauncher-10.0.10.jar:?]
		at cpw.mods.modlauncher.Launcher.run(Launcher.java:108) ~[modlauncher-10.0.10.jar:?]
		at cpw.mods.modlauncher.Launcher.main(Launcher.java:78) ~[modlauncher-10.0.10.jar:?]
		at cpw.mods.modlauncher.BootstrapLaunchConsumer.accept(BootstrapLaunchConsumer.java:26) ~[modlauncher-10.0.10.jar:?]
		at cpw.mods.modlauncher.BootstrapLaunchConsumer.accept(BootstrapLaunchConsumer.java:23) ~[modlauncher-10.0.10.jar:?]
		at cpw.mods.bootstraplauncher.BootstrapLauncher.main(BootstrapLauncher.java:141) ~[bootstraplauncher-1.1.2.jar:?]
		at jdk.internal.reflect.NativeMethodAccessorImpl.invoke0(Native Method) ~[?:?]
		at jdk.internal.reflect.NativeMethodAccessorImpl.invoke(NativeMethodAccessorImpl.java:77) ~[?:?]
		at jdk.internal.reflect.DelegatingMethodAccessorImpl.invoke(DelegatingMethodAccessorImpl.java:43) ~[?:?]
		at java.lang.reflect.Method.invoke(Method.java:569) ~[?:?]
		at net.neoforged.devlaunch.Main.main(Main.java:55) ~[?:?]
[20Sep2025 23:51:29.744] [Render thread/INFO] [net.minecraft.server.packs.resources.ReloadableResourceManager/]: Reloading ResourceManager: vanilla, mod_resources
[20Sep2025 23:51:29.765] [modloading-worker-0/DEBUG] [net.minecraftforge.fml.config.ConfigTracker/CONFIG]: Loading configs type CLIENT
[20Sep2025 23:51:29.767] [modloading-worker-0/DEBUG] [net.minecraftforge.fml.config.ConfigFileTypeHandler/CONFIG]: Built TOML config for /home/yarkin/git/Beastarium/forge/run2/config/forge-client.toml
[20Sep2025 23:51:29.768] [modloading-worker-0/DEBUG] [net.minecraftforge.fml.config.ConfigFileTypeHandler/CONFIG]: Loaded TOML config file /home/yarkin/git/Beastarium/forge/run2/config/forge-client.toml
[20Sep2025 23:51:29.776] [modloading-worker-0/DEBUG] [net.minecraftforge.fml.config.ConfigFileTypeHandler/CONFIG]: Watching TOML config file /home/yarkin/git/Beastarium/forge/run2/config/forge-client.toml for changes
[20Sep2025 23:51:29.780] [modloading-worker-0/DEBUG] [net.minecraftforge.common.ForgeConfig/FORGEMOD]: Loaded forge config file forge-client.toml
[20Sep2025 23:51:29.781] [modloading-worker-0/DEBUG] [net.minecraftforge.fml.config.ConfigTracker/CONFIG]: Loading configs type COMMON
[20Sep2025 23:51:29.782] [Thread-3/DEBUG] [net.minecraftforge.fml.config.ConfigFileTypeHandler/CONFIG]: Config file forge-client.toml changed, sending notifies
[20Sep2025 23:51:29.782] [Thread-3/DEBUG] [net.minecraftforge.common.ForgeConfig/FORGEMOD]: Forge config just got changed on the file system!
[20Sep2025 23:51:29.783] [Thread-3/DEBUG] [net.minecraftforge.fml.config.ConfigFileTypeHandler/CONFIG]: Config file forge-client.toml changed, sending notifies
[20Sep2025 23:51:29.783] [Thread-3/DEBUG] [net.minecraftforge.common.ForgeConfig/FORGEMOD]: Forge config just got changed on the file system!
[20Sep2025 23:51:29.829] [Forge Version Check/INFO] [net.minecraftforge.fml.VersionChecker/]: [forge] Starting version check at https://files.minecraftforge.net/net/minecraftforge/forge/promotions_slim.json
[20Sep2025 23:51:29.920] [Worker-Main-3/INFO] [net.minecraft.client.gui.font.providers.UnihexProvider/]: Found unifont_all_no_pua-15.0.06.hex, loading
[20Sep2025 23:51:29.936] [Render thread/INFO] [Beastarium/]: This line is printed by an example mod common mixin!
[20Sep2025 23:51:29.939] [Render thread/INFO] [Beastarium/]: MC Version: release
[20Sep2025 23:51:30.683] [Forge Version Check/DEBUG] [net.minecraftforge.fml.VersionChecker/]: [forge] Received version check data:
{
  "homepage": "https://files.minecraftforge.net/net/minecraftforge/forge/",
  "promos": {
    "1.1-latest": "1.3.4.29",
    "1.2.3-latest": "1.4.1.64",
    "1.2.4-latest": "2.0.0.68",
    "1.2.5-latest": "3.4.9.171",
    "1.3.2-latest": "4.3.5.318",
    "1.4.0-latest": "5.0.0.326",
    "1.4.1-latest": "6.0.0.329",
    "1.4.2-latest": "6.0.1.355",
    "1.4.3-latest": "6.2.1.358",
    "1.4.4-latest": "6.3.0.378",
    "1.4.5-latest": "6.4.2.448",
    "1.4.6-latest": "6.5.0.489",
    "1.4.7-latest": "6.6.2.534",
    "1.5-latest": "7.7.0.598",
    "1.5.1-latest": "7.7.2.682",
    "1.5.2-latest": "7.8.1.738",
    "1.5.2-recommended": "7.8.1.738",
    "1.6.1-latest": "8.9.0.775",
    "1.6.2-latest": "9.10.1.871",
    "1.6.2-recommended": "9.10.1.871",
    "1.6.3-latest": "9.11.0.878",
    "1.6.4-latest": "9.11.1.1345",
    "1.6.4-recommended": "9.11.1.1345",
    "1.7.2-latest": "10.12.2.1161",
    "1.7.2-recommended": "10.12.2.1161",
    "1.7.10_pre4-latest": "10.12.2.1149",
    "1.7.10-latest": "10.13.4.1614",
    "1.7.10-recommended": "10.13.4.1614",
    "1.8-latest": "11.14.4.1577",
    "1.8-recommended": "11.14.4.1563",
    "1.8.8-latest": "11.15.0.1655",
    "1.8.9-latest": "11.15.1.2318",
    "1.8.9-recommended": "11.15.1.2318",
    "1.9-latest": "12.16.1.1938",
    "1.9-recommended": "12.16.1.1887",
    "1.9.4-latest": "12.17.0.2317",
    "1.9.4-recommended": "12.17.0.2317",
    "1.10-latest": "12.18.0.2000",
    "1.10.2-latest": "12.18.3.2511",
    "1.10.2-recommended": "12.18.3.2511",
    "1.11-latest": "13.19.1.2199",
    "1.11-recommended": "13.19.1.2189",
    "1.11.2-latest": "13.20.1.2588",
    "1.11.2-recommended": "13.20.1.2588",
    "1.12-latest": "14.21.1.2443",
    "1.12-recommended": "14.21.1.2387",
    "1.12.1-latest": "14.22.1.2485",
    "1.12.1-recommended": "14.22.1.2478",
    "1.12.2-latest": "14.23.5.2860",
    "1.12.2-recommended": "14.23.5.2859",
    "1.13.2-latest": "25.0.223",
    "1.14.2-latest": "26.0.63",
    "1.14.3-latest": "27.0.60",
    "1.14.4-latest": "28.2.26",
    "1.14.4-recommended": "28.2.26",
    "1.15-latest": "29.0.4",
    "1.15.1-latest": "30.0.51",
    "1.15.2-latest": "31.2.60",
    "1.15.2-recommended": "31.2.57",
    "1.16.1-latest": "32.0.108",
    "1.16.2-latest": "33.0.61",
    "1.16.3-latest": "34.1.42",
    "1.16.3-recommended": "34.1.0",
    "1.16.4-latest": "35.1.37",
    "1.16.4-recommended": "35.1.4",
    "1.16.5-latest": "36.2.42",
    "1.16.5-recommended": "36.2.34",
    "1.17.1-latest": "37.1.1",
    "1.17.1-recommended": "37.1.1",
    "1.18-latest": "38.0.17",
    "1.18.1-latest": "39.1.2",
    "1.18.1-recommended": "39.1.0",
    "1.18.2-recommended": "40.3.0",
    "1.18.2-latest": "40.3.11",
    "1.19-latest": "41.1.0",
    "1.19-recommended": "41.1.0",
    "1.19.1-latest": "42.0.9",
    "1.19.2-recommended": "43.5.0",
    "1.19.2-latest": "43.5.1",
    "1.19.3-latest": "44.1.23",
    "1.19.3-recommended": "44.1.0",
    "1.19.4-recommended": "45.4.0",
    "1.19.4-latest": "45.4.2",
    "1.20-latest": "46.0.14",
    "1.20.1-recommended": "47.4.0",
    "1.20.1-latest": "47.4.9",
    "1.20.2-latest": "48.1.0",
    "1.20.2-recommended": "48.1.0",
    "1.20.3-latest": "49.0.2",
    "1.20.4-latest": "49.2.1",
    "1.20.4-recommended": "49.2.0",
    "1.20.6-latest": "50.2.1",
    "1.20.6-recommended": "50.2.0",
    "1.21-latest": "51.0.33",
    "1.21.1-latest": "52.1.3",
    "1.21.1-recommended": "52.1.0",
    "1.21.3-latest": "53.1.2",
    "1.21.3-recommended": "53.1.0",
    "1.21.4-latest": "54.1.6",
    "1.21.4-recommended": "54.1.0",
    "1.21.5-latest": "55.1.0",
    "1.21.5-recommended": "55.1.0",
    "1.21.6-latest": "56.0.9",
    "1.21.7-latest": "57.0.3",
    "1.21.8-latest": "58.1.4",
    "1.21.8-recommended": "58.1.0"
  }
}
[20Sep2025 23:51:30.685] [Forge Version Check/INFO] [net.minecraftforge.fml.VersionChecker/]: [forge] Found status: OUTDATED Current: 47.1.47 Target: 47.4.0
[20Sep2025 23:51:34.352] [Render thread/DEBUG] [net.minecraftforge.common.ForgeI18n/CORE]: Loading I18N data entries: 6438
[20Sep2025 23:51:34.387] [Render thread/WARN] [net.minecraft.client.sounds.SoundEngine/]: Missing sound for event: minecraft:item.goat_horn.play
[20Sep2025 23:51:34.388] [Render thread/WARN] [net.minecraft.client.sounds.SoundEngine/]: Missing sound for event: minecraft:entity.goat.screaming.horn_break
[20Sep2025 23:51:34.502] [Render thread/INFO] [com.mojang.blaze3d.audio.Library/]: OpenAL initialized on device Raptor Lake-P/U/H cAVS Speaker
[20Sep2025 23:51:34.503] [Render thread/INFO] [net.minecraft.client.sounds.SoundEngine/SOUNDS]: Sound engine started
[20Sep2025 23:51:34.720] [Render thread/INFO] [net.minecraft.client.renderer.texture.TextureAtlas/]: Created: 1024x512x4 minecraft:textures/atlas/blocks.png-atlas
[20Sep2025 23:51:34.736] [Render thread/INFO] [net.minecraft.client.renderer.texture.TextureAtlas/]: Created: 256x256x4 minecraft:textures/atlas/signs.png-atlas
[20Sep2025 23:51:34.740] [Render thread/INFO] [net.minecraft.client.renderer.texture.TextureAtlas/]: Created: 512x512x4 minecraft:textures/atlas/shield_patterns.png-atlas
[20Sep2025 23:51:34.741] [Render thread/INFO] [net.minecraft.client.renderer.texture.TextureAtlas/]: Created: 512x512x4 minecraft:textures/atlas/banner_patterns.png-atlas
[20Sep2025 23:51:34.742] [Render thread/INFO] [net.minecraft.client.renderer.texture.TextureAtlas/]: Created: 1024x1024x4 minecraft:textures/atlas/armor_trims.png-atlas
[20Sep2025 23:51:34.747] [Render thread/INFO] [net.minecraft.client.renderer.texture.TextureAtlas/]: Created: 256x256x4 minecraft:textures/atlas/chest.png-atlas
[20Sep2025 23:51:34.750] [Render thread/INFO] [net.minecraft.client.renderer.texture.TextureAtlas/]: Created: 128x64x4 minecraft:textures/atlas/decorated_pot.png-atlas
[20Sep2025 23:51:34.751] [Render thread/INFO] [net.minecraft.client.renderer.texture.TextureAtlas/]: Created: 512x256x4 minecraft:textures/atlas/beds.png-atlas
[20Sep2025 23:51:34.751] [Render thread/INFO] [net.minecraft.client.renderer.texture.TextureAtlas/]: Created: 512x256x4 minecraft:textures/atlas/shulker_boxes.png-atlas
[20Sep2025 23:51:35.200] [Render thread/WARN] [net.minecraft.client.renderer.ShaderInstance/]: Shader rendertype_entity_translucent_emissive could not find sampler named Sampler2 in the specified shader program.
[20Sep2025 23:51:35.316] [Render thread/INFO] [net.minecraft.client.renderer.texture.TextureAtlas/]: Created: 256x256x0 minecraft:textures/atlas/particles.png-atlas
[20Sep2025 23:51:35.318] [Render thread/INFO] [net.minecraft.client.renderer.texture.TextureAtlas/]: Created: 256x256x0 minecraft:textures/atlas/paintings.png-atlas
[20Sep2025 23:51:35.319] [Render thread/INFO] [net.minecraft.client.renderer.texture.TextureAtlas/]: Created: 128x128x0 minecraft:textures/atlas/mob_effects.png-atlas
[20Sep2025 23:51:35.334] [Render thread/INFO] [Beastarium/]: This line is printed by an example mod mixin from Forge!
[20Sep2025 23:51:35.334] [Render thread/INFO] [Beastarium/]: MC Version: release
[20Sep2025 23:51:35.353] [Render thread/INFO] [Beastarium/]: This line is printed by an example mod mixin from Forge!
[20Sep2025 23:51:35.353] [Render thread/INFO] [Beastarium/]: MC Version: release
[20Sep2025 23:51:35.936] [Realms Notification Availability checker #1/INFO] [com.mojang.realmsclient.client.RealmsClient/]: Could not authorize you against Realms server: java.lang.RuntimeException: Failed to parse into SignedJWT: 0
[20Sep2025 23:51:39.634] [Render thread/DEBUG] [net.minecraftforge.server.ServerLifecycleHooks/CORE]: Generating PackInfo named mod:forge for mod file /
[20Sep2025 23:51:39.635] [Render thread/DEBUG] [net.minecraftforge.server.ServerLifecycleHooks/CORE]: Generating PackInfo named mod:beastarium for mod file /home/yarkin/git/Beastarium/forge/build/classes/java/main
[20Sep2025 23:51:41.720] [Render thread/DEBUG] [net.minecraftforge.coremod.transformer.CoreModBaseTransformer/COREMOD]: Transforming net/minecraft/server/commands/SummonCommand
[20Sep2025 23:51:42.495] [Worker-Main-6/DEBUG] [net.minecraftforge.coremod.transformer.CoreModBaseTransformer/COREMOD]: Transforming net/minecraft/world/entity/raid/Raid
[20Sep2025 23:51:43.065] [Render thread/INFO] [net.minecraft.world.item.crafting.RecipeManager/]: Loaded 7 recipes
[20Sep2025 23:51:43.277] [Render thread/INFO] [net.minecraft.advancements.AdvancementList/]: Loaded 1271 advancements
[20Sep2025 23:51:44.016] [Render thread/DEBUG] [net.minecraftforge.common.ForgeHooks/WP]: Gathering id map for writing to world save New World
[20Sep2025 23:51:44.024] [Render thread/DEBUG] [net.minecraftforge.common.ForgeHooks/WP]: ID Map collection complete New World
[20Sep2025 23:51:44.085] [Server thread/INFO] [net.minecraft.client.server.IntegratedServer/]: Starting integrated minecraft server version 1.20.1
[20Sep2025 23:51:44.086] [Server thread/INFO] [net.minecraft.server.MinecraftServer/]: Generating keypair
[20Sep2025 23:51:44.211] [Server thread/DEBUG] [net.minecraftforge.fml.config.ConfigTracker/CONFIG]: Loading configs type SERVER
[20Sep2025 23:51:44.211] [Server thread/DEBUG] [net.minecraftforge.fml.config.ConfigFileTypeHandler/CONFIG]: Built TOML config for ./saves/New World/serverconfig/forge-server.toml
[20Sep2025 23:51:44.212] [Server thread/DEBUG] [net.minecraftforge.fml.config.ConfigFileTypeHandler/CONFIG]: Loaded TOML config file ./saves/New World/serverconfig/forge-server.toml
[20Sep2025 23:51:44.212] [Server thread/DEBUG] [net.minecraftforge.fml.config.ConfigFileTypeHandler/CONFIG]: Watching TOML config file ./saves/New World/serverconfig/forge-server.toml for changes
[20Sep2025 23:51:44.213] [Server thread/DEBUG] [net.minecraftforge.common.ForgeConfig/FORGEMOD]: Loaded forge config file forge-server.toml
[20Sep2025 23:51:44.213] [Thread-3/DEBUG] [net.minecraftforge.fml.config.ConfigFileTypeHandler/CONFIG]: Config file forge-server.toml changed, sending notifies
[20Sep2025 23:51:44.214] [Thread-3/DEBUG] [net.minecraftforge.common.ForgeConfig/FORGEMOD]: Forge config just got changed on the file system!
[20Sep2025 23:51:44.214] [Thread-3/DEBUG] [net.minecraftforge.fml.config.ConfigFileTypeHandler/CONFIG]: Config file forge-server.toml changed, sending notifies
[20Sep2025 23:51:44.215] [Thread-3/DEBUG] [net.minecraftforge.common.ForgeConfig/FORGEMOD]: Forge config just got changed on the file system!
[20Sep2025 23:51:44.252] [Server thread/DEBUG] [net.minecraftforge.coremod.transformer.CoreModBaseTransformer/COREMOD]: Transforming net/minecraft/world/level/levelgen/PhantomSpawner
[20Sep2025 23:51:44.257] [Server thread/DEBUG] [net.minecraftforge.coremod.transformer.CoreModBaseTransformer/COREMOD]: Transforming net/minecraft/world/level/levelgen/PatrolSpawner
[20Sep2025 23:51:44.261] [Server thread/DEBUG] [net.minecraftforge.coremod.transformer.CoreModBaseTransformer/COREMOD]: Transforming net/minecraft/world/entity/npc/CatSpawner
[20Sep2025 23:51:44.264] [Server thread/DEBUG] [net.minecraftforge.coremod.transformer.CoreModBaseTransformer/COREMOD]: Transforming net/minecraft/world/entity/ai/village/VillageSiege
[20Sep2025 23:51:46.201] [Server thread/INFO] [net.minecraft.server.MinecraftServer/]: Preparing start region for dimension minecraft:overworld
[20Sep2025 23:51:48.122] [Server thread/DEBUG] [net.minecraftforge.coremod.transformer.CoreModBaseTransformer/COREMOD]: Transforming net/minecraft/world/level/levelgen/structure/templatesystem/StructureTemplate
[20Sep2025 23:51:48.915] [Render thread/INFO] [net.minecraft.server.level.progress.LoggerChunkProgressListener/]: Preparing spawn area: 0%
[20Sep2025 23:51:48.916] [Render thread/INFO] [net.minecraft.server.level.progress.LoggerChunkProgressListener/]: Preparing spawn area: 0%
[20Sep2025 23:51:48.916] [Render thread/INFO] [net.minecraft.server.level.progress.LoggerChunkProgressListener/]: Preparing spawn area: 0%
[20Sep2025 23:51:48.916] [Render thread/INFO] [net.minecraft.server.level.progress.LoggerChunkProgressListener/]: Preparing spawn area: 0%
[20Sep2025 23:51:48.916] [Render thread/INFO] [net.minecraft.server.level.progress.LoggerChunkProgressListener/]: Preparing spawn area: 0%
[20Sep2025 23:51:48.916] [Render thread/INFO] [net.minecraft.server.level.progress.LoggerChunkProgressListener/]: Preparing spawn area: 0%
[20Sep2025 23:51:49.238] [Render thread/INFO] [net.minecraft.server.level.progress.LoggerChunkProgressListener/]: Preparing spawn area: 4%
[20Sep2025 23:51:49.724] [Render thread/INFO] [net.minecraft.server.level.progress.LoggerChunkProgressListener/]: Preparing spawn area: 86%
[20Sep2025 23:51:49.805] [Server thread/INFO] [net.minecraftforge.server.permission.PermissionAPI/]: Successfully initialized permission handler forge:default_handler
[20Sep2025 23:51:49.810] [Render thread/INFO] [net.minecraft.server.level.progress.LoggerChunkProgressListener/]: Time elapsed: 3589 ms
[20Sep2025 23:51:49.873] [Server thread/DEBUG] [io.netty.buffer.AbstractByteBuf/]: -Dio.netty.buffer.checkAccessible: true
[20Sep2025 23:51:49.873] [Server thread/DEBUG] [io.netty.buffer.AbstractByteBuf/]: -Dio.netty.buffer.checkBounds: true
[20Sep2025 23:51:49.874] [Server thread/DEBUG] [io.netty.util.ResourceLeakDetectorFactory/]: Loaded default ResourceLeakDetector: io.netty.util.ResourceLeakDetector@690628a0
[20Sep2025 23:51:49.901] [Server thread/DEBUG] [net.minecraftforge.coremod.transformer.CoreModBaseTransformer/COREMOD]: Transforming net/minecraft/world/level/NaturalSpawner
[20Sep2025 23:51:49.950] [Server thread/INFO] [net.minecraft.client.server.IntegratedServer/]: Changing view distance to 12, from 10
[20Sep2025 23:51:49.952] [Server thread/INFO] [net.minecraft.client.server.IntegratedServer/]: Changing simulation distance to 12, from 0
[20Sep2025 23:51:49.978] [Render thread/DEBUG] [io.netty.channel.MultithreadEventLoopGroup/]: -Dio.netty.eventLoopThreads: 24
[20Sep2025 23:51:49.998] [Render thread/DEBUG] [io.netty.util.internal.InternalThreadLocalMap/]: -Dio.netty.threadLocalMap.stringBuilder.initialSize: 1024
[20Sep2025 23:51:49.999] [Render thread/DEBUG] [io.netty.util.internal.InternalThreadLocalMap/]: -Dio.netty.threadLocalMap.stringBuilder.maxSize: 4096
[20Sep2025 23:51:50.006] [Render thread/DEBUG] [io.netty.channel.nio.NioEventLoop/]: -Dio.netty.noKeySetOptimization: false
[20Sep2025 23:51:50.006] [Render thread/DEBUG] [io.netty.channel.nio.NioEventLoop/]: -Dio.netty.selectorAutoRebuildThreshold: 512
[20Sep2025 23:51:50.016] [Render thread/DEBUG] [io.netty.util.internal.PlatformDependent/]: org.jctools-core.MpscChunkedArrayQueue: available
[20Sep2025 23:51:50.035] [Render thread/DEBUG] [io.netty.channel.DefaultChannelId/]: -Dio.netty.processId: 172510 (auto-detected)
[20Sep2025 23:51:50.039] [Render thread/WARN] [io.netty.util.internal.SystemPropertyUtil/]: Unable to parse the boolean system property 'java.net.preferIPv6Addresses':system - using the default value: false
[20Sep2025 23:51:50.040] [Render thread/DEBUG] [io.netty.util.NetUtil/]: -Djava.net.preferIPv4Stack: false
[20Sep2025 23:51:50.040] [Render thread/DEBUG] [io.netty.util.NetUtil/]: -Djava.net.preferIPv6Addresses: false
[20Sep2025 23:51:50.045] [Render thread/DEBUG] [io.netty.util.NetUtilInitializations/]: Loopback interface: lo (lo, 0:0:0:0:0:0:0:1%lo)
[20Sep2025 23:51:50.046] [Render thread/DEBUG] [io.netty.util.NetUtil/]: /proc/sys/net/core/somaxconn: 4096
[20Sep2025 23:51:50.047] [Render thread/DEBUG] [io.netty.channel.DefaultChannelId/]: -Dio.netty.machineId: 80:e4:ba:ff:fe:35:9d:96 (auto-detected)
[20Sep2025 23:51:50.075] [Render thread/DEBUG] [io.netty.buffer.PooledByteBufAllocator/]: -Dio.netty.allocator.numHeapArenas: 24
[20Sep2025 23:51:50.075] [Render thread/DEBUG] [io.netty.buffer.PooledByteBufAllocator/]: -Dio.netty.allocator.numDirectArenas: 24
[20Sep2025 23:51:50.075] [Render thread/DEBUG] [io.netty.buffer.PooledByteBufAllocator/]: -Dio.netty.allocator.pageSize: 8192
[20Sep2025 23:51:50.075] [Render thread/DEBUG] [io.netty.buffer.PooledByteBufAllocator/]: -Dio.netty.allocator.maxOrder: 9
[20Sep2025 23:51:50.075] [Render thread/DEBUG] [io.netty.buffer.PooledByteBufAllocator/]: -Dio.netty.allocator.chunkSize: 4194304
[20Sep2025 23:51:50.075] [Render thread/DEBUG] [io.netty.buffer.PooledByteBufAllocator/]: -Dio.netty.allocator.smallCacheSize: 256
[20Sep2025 23:51:50.075] [Render thread/DEBUG] [io.netty.buffer.PooledByteBufAllocator/]: -Dio.netty.allocator.normalCacheSize: 64
[20Sep2025 23:51:50.075] [Render thread/DEBUG] [io.netty.buffer.PooledByteBufAllocator/]: -Dio.netty.allocator.maxCachedBufferCapacity: 32768
[20Sep2025 23:51:50.075] [Render thread/DEBUG] [io.netty.buffer.PooledByteBufAllocator/]: -Dio.netty.allocator.cacheTrimInterval: 8192
[20Sep2025 23:51:50.076] [Render thread/DEBUG] [io.netty.buffer.PooledByteBufAllocator/]: -Dio.netty.allocator.cacheTrimIntervalMillis: 0
[20Sep2025 23:51:50.076] [Render thread/DEBUG] [io.netty.buffer.PooledByteBufAllocator/]: -Dio.netty.allocator.useCacheForAllThreads: false
[20Sep2025 23:51:50.076] [Render thread/DEBUG] [io.netty.buffer.PooledByteBufAllocator/]: -Dio.netty.allocator.maxCachedByteBuffersPerChunk: 1023
[20Sep2025 23:51:50.091] [Render thread/DEBUG] [io.netty.buffer.ByteBufUtil/]: -Dio.netty.allocator.type: pooled
[20Sep2025 23:51:50.091] [Render thread/DEBUG] [io.netty.buffer.ByteBufUtil/]: -Dio.netty.threadLocalDirectBufferSize: 0
[20Sep2025 23:51:50.092] [Render thread/DEBUG] [io.netty.buffer.ByteBufUtil/]: -Dio.netty.maxThreadLocalCharBufferSize: 16384
[20Sep2025 23:51:50.140] [Netty Local Client IO #0/DEBUG] [net.minecraftforge.network.HandshakeHandler/FMLHANDSHAKE]: Starting local connection.
[20Sep2025 23:51:50.285] [Netty Local Client IO #0/DEBUG] [io.netty.util.Recycler/]: -Dio.netty.recycler.maxCapacityPerThread: 4096
[20Sep2025 23:51:50.285] [Netty Local Client IO #0/DEBUG] [io.netty.util.Recycler/]: -Dio.netty.recycler.ratio: 8
[20Sep2025 23:51:50.285] [Netty Local Client IO #0/DEBUG] [io.netty.util.Recycler/]: -Dio.netty.recycler.chunkSize: 32
[20Sep2025 23:51:50.285] [Netty Local Client IO #0/DEBUG] [io.netty.util.Recycler/]: -Dio.netty.recycler.blocking: false
[20Sep2025 23:51:50.299] [Netty Server IO #1/DEBUG] [net.minecraftforge.network.HandshakeHandler/FMLHANDSHAKE]: Starting local connection.
[20Sep2025 23:51:50.408] [Server thread/DEBUG] [net.minecraftforge.network.HandshakeHandler/FMLHANDSHAKE]: Sending ticking packet info 'net.minecraftforge.network.HandshakeMessages$S2CModData' to 'fml:handshake' sequence 0
[20Sep2025 23:51:50.417] [Netty Local Client IO #0/DEBUG] [net.minecraftforge.network.LoginWrapper/FMLHANDSHAKE]: Recieved login wrapper packet event for channel fml:handshake with index 0
[20Sep2025 23:51:50.537] [Server thread/DEBUG] [net.minecraftforge.network.HandshakeHandler/FMLHANDSHAKE]: Sending ticking packet info 'net.minecraftforge.network.HandshakeMessages$S2CModList' to 'fml:handshake' sequence 1
[20Sep2025 23:51:50.538] [Netty Local Client IO #0/DEBUG] [net.minecraftforge.network.LoginWrapper/FMLHANDSHAKE]: Recieved login wrapper packet event for channel fml:handshake with index 1
[20Sep2025 23:51:50.540] [Netty Local Client IO #0/DEBUG] [net.minecraftforge.network.HandshakeHandler/FMLHANDSHAKE]: Logging into server with mod list [minecraft, forge, beastarium]
[20Sep2025 23:51:50.543] [Netty Local Client IO #0/DEBUG] [net.minecraftforge.network.NetworkRegistry/NETREGISTRY]: Channel 'fml:loginwrapper' : Version test of 'FML3' from server : ACCEPTED
[20Sep2025 23:51:50.543] [Netty Local Client IO #0/DEBUG] [net.minecraftforge.network.NetworkRegistry/NETREGISTRY]: Channel 'forge:tier_sorting' : Version test of '1.0' from server : ACCEPTED
[20Sep2025 23:51:50.543] [Netty Local Client IO #0/DEBUG] [net.minecraftforge.network.NetworkRegistry/NETREGISTRY]: Channel 'fml:handshake' : Version test of 'FML3' from server : ACCEPTED
[20Sep2025 23:51:50.543] [Netty Local Client IO #0/DEBUG] [net.minecraftforge.network.NetworkRegistry/NETREGISTRY]: Channel 'minecraft:unregister' : Version test of 'FML3' from server : ACCEPTED
[20Sep2025 23:51:50.543] [Netty Local Client IO #0/DEBUG] [net.minecraftforge.network.NetworkRegistry/NETREGISTRY]: Channel 'fml:play' : Version test of 'FML3' from server : ACCEPTED
[20Sep2025 23:51:50.543] [Netty Local Client IO #0/DEBUG] [net.minecraftforge.network.NetworkRegistry/NETREGISTRY]: Channel 'minecraft:register' : Version test of 'FML3' from server : ACCEPTED
[20Sep2025 23:51:50.543] [Netty Local Client IO #0/DEBUG] [net.minecraftforge.network.NetworkRegistry/NETREGISTRY]: Channel 'forge:split' : Version test of '1.1' from server : ACCEPTED
[20Sep2025 23:51:50.543] [Netty Local Client IO #0/DEBUG] [net.minecraftforge.network.NetworkRegistry/NETREGISTRY]: Accepting channel list from server
[20Sep2025 23:51:50.546] [Netty Local Client IO #0/DEBUG] [net.minecraftforge.network.LoginWrapper/FMLHANDSHAKE]: Dispatching wrapped packet reply for channel fml:handshake with index 1
[20Sep2025 23:51:50.547] [Netty Local Client IO #0/DEBUG] [net.minecraftforge.network.HandshakeHandler/FMLHANDSHAKE]: Accepted server connection
[20Sep2025 23:51:50.547] [Netty Server IO #1/DEBUG] [net.minecraftforge.network.LoginWrapper/FMLHANDSHAKE]: Recieved login wrapper packet event for channel fml:handshake with index 1
[20Sep2025 23:51:50.550] [Netty Server IO #1/DEBUG] [net.minecraftforge.network.HandshakeHandler/FMLHANDSHAKE]: Received client indexed reply 1 of type net.minecraftforge.network.HandshakeMessages$C2SModListReply
[20Sep2025 23:51:50.551] [Netty Server IO #1/DEBUG] [net.minecraftforge.network.HandshakeHandler/FMLHANDSHAKE]: Received client connection with modlist [minecraft, forge, beastarium]
[20Sep2025 23:51:50.552] [Netty Server IO #1/DEBUG] [net.minecraftforge.network.NetworkRegistry/NETREGISTRY]: Channel 'fml:loginwrapper' : Version test of 'FML3' from client : ACCEPTED
[20Sep2025 23:51:50.552] [Netty Server IO #1/DEBUG] [net.minecraftforge.network.NetworkRegistry/NETREGISTRY]: Channel 'forge:tier_sorting' : Version test of '1.0' from client : ACCEPTED
[20Sep2025 23:51:50.552] [Netty Server IO #1/DEBUG] [net.minecraftforge.network.NetworkRegistry/NETREGISTRY]: Channel 'fml:handshake' : Version test of 'FML3' from client : ACCEPTED
[20Sep2025 23:51:50.552] [Netty Server IO #1/DEBUG] [net.minecraftforge.network.NetworkRegistry/NETREGISTRY]: Channel 'minecraft:unregister' : Version test of 'FML3' from client : ACCEPTED
[20Sep2025 23:51:50.552] [Netty Server IO #1/DEBUG] [net.minecraftforge.network.NetworkRegistry/NETREGISTRY]: Channel 'fml:play' : Version test of 'FML3' from client : ACCEPTED
[20Sep2025 23:51:50.552] [Netty Server IO #1/DEBUG] [net.minecraftforge.network.NetworkRegistry/NETREGISTRY]: Channel 'minecraft:register' : Version test of 'FML3' from client : ACCEPTED
[20Sep2025 23:51:50.552] [Netty Server IO #1/DEBUG] [net.minecraftforge.network.NetworkRegistry/NETREGISTRY]: Channel 'forge:split' : Version test of '1.1' from client : ACCEPTED
[20Sep2025 23:51:50.552] [Netty Server IO #1/DEBUG] [net.minecraftforge.network.NetworkRegistry/NETREGISTRY]: Accepting channel list from client
[20Sep2025 23:51:50.553] [Netty Server IO #1/DEBUG] [net.minecraftforge.network.HandshakeHandler/FMLHANDSHAKE]: Accepted client connection mod list
[20Sep2025 23:51:50.581] [Server thread/DEBUG] [net.minecraftforge.network.HandshakeHandler/FMLHANDSHAKE]: Sending ticking packet info 'Config forge-server.toml' to 'fml:handshake' sequence 2
[20Sep2025 23:51:50.582] [Netty Local Client IO #0/DEBUG] [net.minecraftforge.network.LoginWrapper/FMLHANDSHAKE]: Recieved login wrapper packet event for channel fml:handshake with index 2
[20Sep2025 23:51:50.582] [Netty Local Client IO #0/DEBUG] [net.minecraftforge.network.HandshakeHandler/FMLHANDSHAKE]: Received config sync from server
[20Sep2025 23:51:50.582] [Netty Local Client IO #0/DEBUG] [net.minecraftforge.network.LoginWrapper/FMLHANDSHAKE]: Dispatching wrapped packet reply for channel fml:handshake with index 2
[20Sep2025 23:51:50.582] [Netty Server IO #1/DEBUG] [net.minecraftforge.network.LoginWrapper/FMLHANDSHAKE]: Recieved login wrapper packet event for channel fml:handshake with index 2
[20Sep2025 23:51:50.583] [Netty Server IO #1/DEBUG] [net.minecraftforge.network.HandshakeHandler/FMLHANDSHAKE]: Received client indexed reply 2 of type net.minecraftforge.network.HandshakeMessages$C2SAcknowledge
[20Sep2025 23:51:50.583] [Netty Server IO #1/DEBUG] [net.minecraftforge.network.HandshakeHandler/FMLHANDSHAKE]: Received acknowledgement from client
[20Sep2025 23:51:50.622] [Server thread/DEBUG] [net.minecraftforge.network.HandshakeHandler/FMLHANDSHAKE]: Handshake complete!
[20Sep2025 23:51:50.673] [Netty Local Client IO #0/INFO] [net.minecraftforge.network.NetworkHooks/]: Connected to a modded server.
[20Sep2025 23:51:50.724] [Server thread/INFO] [net.minecraft.server.players.PlayerList/]: Dev[local:E:591ca9ac] logged in with entity id 172 at (82.90196193308745, 69.0, 235.48595933221694)
[20Sep2025 23:51:50.808] [Server thread/INFO] [net.minecraft.server.MinecraftServer/]: Dev joined the game
[20Sep2025 23:51:51.020] [Server thread/DEBUG] [io.netty.util.internal.ThreadLocalRandom/]: -Dio.netty.initialSeedUniquifier: 0x157f3639c5202354
[20Sep2025 23:51:51.687] [Render thread/INFO] [net.minecraft.advancements.AdvancementList/]: Loaded 2 advancements
[20Sep2025 23:51:54.735] [Server thread/INFO] [net.minecraft.server.MinecraftServer/]: [Not Secure] <Dev> a
[20Sep2025 23:51:54.754] [Render thread/INFO] [net.minecraft.client.gui.components.ChatComponent/]: [CHAT] <Dev> a
[20Sep2025 23:52:07.656] [Server thread/INFO] [net.minecraft.client.server.IntegratedServer/]: Saving and pausing game...
[20Sep2025 23:52:07.662] [Server thread/INFO] [net.minecraft.server.MinecraftServer/]: Saving chunks for level 'ServerLevel[New World]'/minecraft:overworld
[20Sep2025 23:52:07.680] [Server thread/INFO] [net.minecraft.server.MinecraftServer/]: Saving chunks for level 'ServerLevel[New World]'/minecraft:the_nether
[20Sep2025 23:52:07.680] [Server thread/INFO] [net.minecraft.server.MinecraftServer/]: Saving chunks for level 'ServerLevel[New World]'/minecraft:the_end
[20Sep2025 23:52:07.683] [Server thread/DEBUG] [net.minecraftforge.common.ForgeHooks/WP]: Gathering id map for writing to world save New World
[20Sep2025 23:52:07.689] [Server thread/DEBUG] [net.minecraftforge.common.ForgeHooks/WP]: ID Map collection complete New World
[20Sep2025 23:52:12.352] [Render thread/DEBUG] [net.minecraftforge.network.DualStackUtils/]: Detected IPv6 address: "0:0:0:0:0:0:0:0"
[20Sep2025 23:52:12.364] [Render thread/DEBUG] [io.netty.util.internal.NativeLibraryLoader/]: -Dio.netty.native.workdir: /tmp (io.netty.tmpdir)
[20Sep2025 23:52:12.365] [Render thread/DEBUG] [io.netty.util.internal.NativeLibraryLoader/]: -Dio.netty.native.deleteLibAfterLoading: true
[20Sep2025 23:52:12.365] [Render thread/DEBUG] [io.netty.util.internal.NativeLibraryLoader/]: -Dio.netty.native.tryPatchShadedId: true
[20Sep2025 23:52:12.365] [Render thread/DEBUG] [io.netty.util.internal.NativeLibraryLoader/]: -Dio.netty.native.detectNativeLibraryDuplicates: true
[20Sep2025 23:52:12.371] [Render thread/DEBUG] [io.netty.util.internal.NativeLibraryLoader/]: Successfully loaded the library /tmp/libnetty_transport_native_epoll_x86_641806933606022259563.so
[20Sep2025 23:52:12.374] [Render thread/INFO] [net.minecraft.server.network.ServerConnectionListener/]: Using default channel type
[20Sep2025 23:52:12.392] [Render thread/INFO] [net.minecraft.client.server.IntegratedServer/]: Started serving on 42589
[20Sep2025 23:52:12.396] [Render thread/DEBUG] [net.minecraftforge.network.DualStackUtils/]: Detected IPv6 address: "0:0:0:0:0:0:0:0"
[20Sep2025 23:52:12.411] [Render thread/INFO] [net.minecraft.client.gui.components.ChatComponent/]: [System] [CHAT] Local game hosted on port [42589]
[20Sep2025 23:52:24.965] [Server thread/INFO] [net.minecraft.server.network.ServerGamePacketListenerImpl/]: Dev lost connection: Disconnected
[20Sep2025 23:52:24.965] [Server thread/INFO] [net.minecraft.server.MinecraftServer/]: Dev left the game
[20Sep2025 23:52:24.971] [Server thread/INFO] [net.minecraft.server.network.ServerGamePacketListenerImpl/]: Stopping singleplayer server as player logged out
[20Sep2025 23:52:25.007] [Server thread/INFO] [net.minecraft.server.MinecraftServer/]: Stopping server
[20Sep2025 23:52:25.007] [Server thread/INFO] [net.minecraft.server.MinecraftServer/]: Saving players
[20Sep2025 23:52:25.008] [Server thread/INFO] [net.minecraft.server.MinecraftServer/]: Saving worlds
[20Sep2025 23:52:26.036] [Server thread/INFO] [net.minecraft.server.MinecraftServer/]: Saving chunks for level 'ServerLevel[New World]'/minecraft:overworld
[20Sep2025 23:52:26.478] [Server thread/INFO] [net.minecraft.server.MinecraftServer/]: Saving chunks for level 'ServerLevel[New World]'/minecraft:the_nether
[20Sep2025 23:52:26.479] [Server thread/INFO] [net.minecraft.server.MinecraftServer/]: Saving chunks for level 'ServerLevel[New World]'/minecraft:the_end
[20Sep2025 23:52:26.481] [Server thread/DEBUG] [net.minecraftforge.common.ForgeHooks/WP]: Gathering id map for writing to world save New World
[20Sep2025 23:52:26.485] [Server thread/DEBUG] [net.minecraftforge.common.ForgeHooks/WP]: ID Map collection complete New World
[20Sep2025 23:52:26.497] [Server thread/INFO] [net.minecraft.server.MinecraftServer/]: ThreadedAnvilChunkStorage (New World): All chunks are saved
[20Sep2025 23:52:26.497] [Server thread/INFO] [net.minecraft.server.MinecraftServer/]: ThreadedAnvilChunkStorage (DIM-1): All chunks are saved
[20Sep2025 23:52:26.497] [Server thread/INFO] [net.minecraft.server.MinecraftServer/]: ThreadedAnvilChunkStorage (DIM1): All chunks are saved
[20Sep2025 23:52:26.497] [Server thread/INFO] [net.minecraft.server.MinecraftServer/]: ThreadedAnvilChunkStorage: All dimensions are saved
[20Sep2025 23:52:27.059] [Server thread/DEBUG] [net.minecraftforge.fml.config.ConfigTracker/CONFIG]: Unloading configs type SERVER
[20Sep2025 23:52:27.138] [Render thread/INFO] [Beastarium/]: This line is printed by an example mod mixin from Forge!
[20Sep2025 23:52:27.138] [Render thread/INFO] [Beastarium/]: MC Version: release
[20Sep2025 23:52:28.538] [Render thread/INFO] [net.minecraft.client.Minecraft/]: Stopping!
